ItemNumber,LotNumber,Job,Quantity
GN1077TGK9,4Z6E21F,QPCPYKL,32
NL479YC3PM,4EZH6A2,KK55NVQ,77
IX83928QKZ,BY62OLI,4D55RE5,14
MU581HY914,8US6LD7,3D0ZGAP,99
ZT17074KDS,V4C8VYE,J7DYQL0,28
HI221W99HA,HNGVYWY,0F9BB41,82
TW138D0O1G,N6HEVC1,L8PVL8M,31
AN397S5RSI,TLDN0UJ,R4RWMR1,99
QV741IG248,1Y27W4M,UGLIL78,11
IN009KUD12,B56S0J9,1QIJP7A,53
GV32235T5I,VHJ5CYF,WTK0Q58,19
UJ1902SZ74,ZICK3FX,NHOGRNR,61
AT0971JPEB,ROOUFQ2,R7P9DOQ,60
ZO213ADVAL,K0NH256,57AWNYN,87
FU119WGN5I,24DPL6H,Z2MGFQT,26
GN1077TGK9,X8G46V9,H7O2NIU,60
NL479YC3PM,B5ND809,HY6SY2I,45
IX83928QKZ,B0193AB,17M6M4W,95
MU581HY914,2VRVDZN,ULJQY9R,72
ZT17074KDS,A6TREZD,8CRLWO3,42
HI221W99HA,MQG43JS,KB8XT2N,1
TW138D0O1G,8IEMIJ2,RUSGL8V,23
AN397S5RSI,7SK4EY8,UFP6AGO,61
QV741IG248,7Z1KVX2,VNABJC0,19
IN009KUD12,A61LFTG,4ROE0MY,54
GV32235T5I,X2MVXIS,XTRQIKT,28
UJ1902SZ74,N32WDUY,IFUCNWN,75
AT0971JPEB,MQES8AK,J1OKT8P,45
ZO213ADVAL,5THMZZ9,00Q8DQF,80
FU119WGN5I,2ZP2SRV,2JGRNZU,35
GN1077TGK9,XFOQTQ8,8D51RID,93
NL479YC3PM,KGMDQQC,TYRIUN5,45
IX83928QKZ,Q4GT3TN,NEJOE9K,16
MU581HY914,A333ENO,571KNL9,32
ZT17074KDS,PWYLUST,WO6UNOE,76
HI221W99HA,STFSGZK,WCOJTKH,2
TW138D0O1G,VGLUZU2,J0IFANM,22
AN397S5RSI,A2MLLUK,C9O5LIV,82
QV741IG248,QZDLKKC,NANU7KA,59
IN009KUD12,2DRM7RA,NTTPGVE,67
GV32235T5I,UPNOGKC,RN68KBE,80
UJ1902SZ74,TB77WFB,CM91R8D,14
AT0971JPEB,42KK5ZM,2TZIYHS,90
ZO213ADVAL,NQ7SVYU,6NFFOMF,59
FU119WGN5I,WLLDTE0,TKTM50Y,1
GN1077TGK9,3N4MOOG,RVD3YIX,72
NL479YC3PM,WJRCK01,FBI5B5G,11
IX83928QKZ,9DPMC4A,44RJJ2B,24
MU581HY914,D3KHRLI,DM9OYCM,39
ZT17074KDS,OT1YG46,QMUGEWG,88
HI221W99HA,X3QR966,RJQHJT4,88
TW138D0O1G,TU2DBGD,QHCXNKV,37
AN397S5RSI,05F08SV,WK5BUAR,29
QV741IG248,VQA11SA,J6F8YIR,42
IN009KUD12,KQWOKA6,QIPE84I,88
GV32235T5I,A1WRCUM,HZ5NE8A,76
UJ1902SZ74,9Y9MDJE,DGWMXJ9,23
AT0971JPEB,ZMG8YGY,F930OAW,0
ZO213ADVAL,PFKWZ2V,XY1WQ6N,81
FU119WGN5I,AK2HFP6,2T2SQ7A,39
GN1077TGK9,3DU0CCQ,819SRC1,73
NL479YC3PM,CWMEHHR,MHU5RYB,35
IX83928QKZ,ZL9E7NJ,BUQ5A9A,74
MU581HY914,RGW74QS,7TY7U5A,31
ZT17074KDS,VSC0NSG,147EFSQ,56
HI221W99HA,9K0NGOV,DS7KVSN,52
TW138D0O1G,OJMME67,CDKFOM5,90
AN397S5RSI,SVK0P90,UD4XYY4,60
QV741IG248,8H89BFU,RXYJT63,91
IN009KUD12,9VPMQT8,DLZ1AA4,71
GV32235T5I,AWT9382,HC5QSB1,35
UJ1902SZ74,KOPRBKQ,OGD0WH6,16
AT0971JPEB,233UKMR,HBAL1KF,59
ZO213ADVAL,U4JHZ6O,0QTJY8X,15
FU119WGN5I,7NZ7G72,0JJHOQ7,27
GN1077TGK9,NV8C8I1,32E0KHW,81
NL479YC3PM,XLQ9CBH,SA2HQYO,5
IX83928QKZ,9WKI0YR,0EL15PB,44
MU581HY914,7XKPT0Q,74IL1HQ,99
ZT17074KDS,MYNGP44,W8GNNV1,98
HI221W99HA,58DKU8X,H0A1PTH,99
TW138D0O1G,CZJ4XZ4,V75N129,64
AN397S5RSI,NVVWIUF,OEAKN59,58
QV741IG248,JACIKFP,ELNTHE2,44
IN009KUD12,5N7IVF9,B85BZNL,25
GV32235T5I,0D8DXNZ,CH4C93X,87
UJ1902SZ74,AXDZ7BM,RK9BCNS,14
AT0971JPEB,B2DL31V,AR6XS1Z,62
ZO213ADVAL,3V36P89,L0LKTZJ,63
FU119WGN5I,RZPHTP7,PRWI0MZ,51
GN1077TGK9,QIK28WM,I4YNLL6,66
NL479YC3PM,FNUHRVH,KPB6R8B,2
IX83928QKZ,TOAVVNY,CLCFGKP,78
MU581HY914,I6ITS8G,YK7TBPH,67
ZT17074KDS,QH2IJAF,CFLT5TY,14
HI221W99HA,SRFG9D6,L29QOFJ,39
TW138D0O1G,FNNJNJ0,N9DXMNR,67
AN397S5RSI,40OPF3D,NE6G9T0,91
QV741IG248,3YU8IWM,D8EWSZA,24
IN009KUD12,AOJ0RDG,UEB3SSD,51
GV32235T5I,18EDAJL,Q0CEDY6,61
UJ1902SZ74,16BFA3R,Z7GWQW1,96
AT0971JPEB,9CV9EK0,Y1CLWE0,21
ZO213ADVAL,T22RXUH,Z55PJUQ,5
FU119WGN5I,1Z1M9NK,SRGJE56,38
GN1077TGK9,LWGNS5S,GFPCHJF,47
NL479YC3PM,0BOHNAR,7HB4RBQ,25
IX83928QKZ,T6NDHFV,6DG2V6H,14
MU581HY914,K7FHPZR,L8GDH98,94
ZT17074KDS,WTKQUVE,XIDRCX9,4
HI221W99HA,4TNOZA0,G2QR6CC,96
TW138D0O1G,ASDPGQH,ZRI0EC1,84
AN397S5RSI,ATRH18O,BO2JRD0,8
QV741IG248,8IBUM4V,QM7V152,59
IN009KUD12,1ZKQJAY,KM8HE1Q,33
GV32235T5I,3PUVCDA,ZCJ8UNI,11
UJ1902SZ74,L98P75C,1MWVVP6,38
AT0971JPEB,69GMZPH,8E4MPSP,100
ZO213ADVAL,TQOWRSR,ZE4DBMU,63
FU119WGN5I,CF6M8F0,W3TJETR,79
GN1077TGK9,CNO2V6N,FWN8ME5,80
NL479YC3PM,7EUMK4V,OJYVM7T,60
IX83928QKZ,VI601GJ,V6R4MUO,36
MU581HY914,UKGO1ZT,PBOFRZN,46
ZT17074KDS,T4TTRS9,A4OFLJK,9
HI221W99HA,AGCJY1E,4AXFS53,48
TW138D0O1G,PCBABEE,2ENW7I8,22
AN397S5RSI,21LL2V6,6EFYO8X,32
QV741IG248,X5RZWQZ,9UA4EPL,23
IN009KUD12,KY4GIB9,TUZR8CF,93
GV32235T5I,HNWXEX3,XWWDBFY,56
UJ1902SZ74,G5SMSQW,G1W0U02,11
AT0971JPEB,98D3DFC,XRE8ABF,8
ZO213ADVAL,EY1EI88,GIUTHTF,76
FU119WGN5I,XO6QOS2,96XTRXB,96
GN1077TGK9,5AMIZ86,F4RMS52,86
NL479YC3PM,XTP9P5C,8HQEG5V,15
IX83928QKZ,D1J3JZH,BM862FK,86
MU581HY914,UKRXP99,PIP9QBB,99
ZT17074KDS,NTPE8VM,IPOUI8O,47
HI221W99HA,61Y1BQD,U8CXZLG,89
TW138D0O1G,Q70ERMC,P37D8O9,3
AN397S5RSI,TOU5510,S9NK169,82
QV741IG248,OLAMSW6,TA8M2PQ,29
IN009KUD12,OO79H1V,SEFGSAX,75
GV32235T5I,T0ZTFCT,DHJ5C4C,80
UJ1902SZ74,L1F92VS,38CAAE6,40
AT0971JPEB,MPK8J3J,KCZJNVY,57
ZO213ADVAL,ZYUQ13B,W68CMC6,31
FU119WGN5I,9MD2FHN,GENDW7D,29
GN1077TGK9,R6ZUKZU,X4YS2XG,85
NL479YC3PM,RR5TSJB,Y63ILXL,16
IX83928QKZ,EFUUDIL,NH9RFLC,74
MU581HY914,A9J6P9V,WCCTPTL,92
ZT17074KDS,S2O2NBJ,27W7WDI,55
HI221W99HA,I1VDLBP,L1S9WSK,72
TW138D0O1G,W8OLI8N,TTKQW9S,2
AN397S5RSI,PV6ZZBG,IO8M2OS,100
QV741IG248,L8UEJLT,691MWQY,92
IN009KUD12,SY50QRG,DBNLDVJ,18
GV32235T5I,D6EF5R2,7AUJLOE,2
UJ1902SZ74,80WVN2H,LNUAWS0,22
AT0971JPEB,2R5CEQ1,K0VKVCM,63
ZO213ADVAL,I6HASCE,EE5HWOD,45
FU119WGN5I,CG4PWCR,XK6B3PG,7
GN1077TGK9,F5EC6S9,WEPPU3L,79
NL479YC3PM,S5PYFHU,9FKZK2E,44
IX83928QKZ,FC486ZT,OCBNBJ1,98
MU581HY914,P9B9V12,SL57SVO,70
ZT17074KDS,PUC5CD4,PL5Q0YW,39
HI221W99HA,NOTQET1,0VQWLN9,74
TW138D0O1G,6R9WGUM,U307NGZ,32
AN397S5RSI,LAJ58SI,ETNWNW7,87
QV741IG248,V7Q13C5,95NSGU9,62
IN009KUD12,2RJVOZM,GJGBCEC,17
GV32235T5I,UT4YHY5,NR48XYR,69
UJ1902SZ74,9SAJLEY,Z1VNMTK,94
AT0971JPEB,NVA5EB1,BPVEU55,13
ZO213ADVAL,XEQOG42,F6P94DX,68
FU119WGN5I,GYVQV1M,XCMPUYS,85
GN1077TGK9,16FD9H2,492RFDB,75
NL479YC3PM,VYE5OFB,3ASGN0H,54
IX83928QKZ,9FA6N3X,H3DQ7T9,94
MU581HY914,2VTE45M,0ZES9BJ,31
ZT17074KDS,9JHY25Q,90FZ0JR,84
HI221W99HA,67XIA2X,BLQ8V8O,75
TW138D0O1G,T9FQNYE,XFXYYR6,53
AN397S5RSI,ZPSQ3T1,SKNG9QP,50
QV741IG248,9CJ2O4U,VB5VQBZ,86
IN009KUD12,AKSOFLS,6IR7GGV,26
GV32235T5I,OS6REGC,32MOUU1,92
UJ1902SZ74,2PRGDZC,YWCM6I3,34
AT0971JPEB,7H4UX0F,CRUDX5H,93
ZO213ADVAL,LQ9FU5D,JBPCGNN,28
FU119WGN5I,D9TZZS7,RL5YF70,27
GN1077TGK9,CKF5V92,9G9XC7V,6
NL479YC3PM,YAP84E9,288N9DX,51
IX83928QKZ,PKUNH6O,2W180FC,100
MU581HY914,D1NB7IQ,0UVP949,16
ZT17074KDS,BFKZNQE,24XDHTQ,14
HI221W99HA,QNSV072,QHB4903,47
TW138D0O1G,G1N31TF,BADL7RB,12
AN397S5RSI,X44E1SS,BA7RGVF,53
QV741IG248,4FMT1MG,S2JLMLP,28
IN009KUD12,SXI7GIH,FGDGJX4,16
GV32235T5I,UUO28Q2,ER0X2PI,56
UJ1902SZ74,ZNPBMYT,5BDYALM,55
AT0971JPEB,1RVV0JG,6SDAKHU,29
ZO213ADVAL,J1FFH8E,G246H6E,57
FU119WGN5I,PIUZ671,2X99KDN,32
GN1077TGK9,5OXX9EF,W1SFQVD,13
NL479YC3PM,650FOV3,33DR4PI,98
IX83928QKZ,U1G12XK,T9BMRZS,62
MU581HY914,7NZWL8Z,YTCHS7G,97
ZT17074KDS,DTBGDCP,SZU9U5C,6
HI221W99HA,MH9IQVW,CAZSOY4,92
TW138D0O1G,706LOH2,GOHB8NG,61
AN397S5RSI,TAW39WP,V6OA30N,5
QV741IG248,584O6PU,48ND9VR,80
IN009KUD12,VIO4D1K,DRL1BU4,30
GV32235T5I,B590MHU,SYV7HVG,92
UJ1902SZ74,9QNC9XH,ULZ7RGE,68
AT0971JPEB,CDW215F,UHAVZ08,67
ZO213ADVAL,PQYFCCX,DJWN8YU,12
FU119WGN5I,ZF6DB9D,NDAWHZR,81
GN1077TGK9,HP5GAFL,SODYLI9,74
NL479YC3PM,31JJY10,T7ZMEM7,55
IX83928QKZ,KUVNKQY,HSRP2ZE,36
MU581HY914,KE3EOEN,TRQENEF,58
ZT17074KDS,P6UL25I,8OQDEUG,62
HI221W99HA,ZEJ1BLM,HQLMQTR,71
TW138D0O1G,QI7ASQJ,4FRE6ZB,5
AN397S5RSI,IYPBGKJ,CG5RG04,5
QV741IG248,RBVUSAY,T2PXLLE,51
IN009KUD12,EOJMANM,PGRN66Z,74
GV32235T5I,QTXT0EQ,YEQ7BP9,25
UJ1902SZ74,TI0YG0S,7MWQKQL,65
AT0971JPEB,ZNSC7CP,D15ANEO,51
ZO213ADVAL,686CI6M,EOODVKO,4
FU119WGN5I,0MIDDS8,D8DLDXR,55
GN1077TGK9,9ST80IY,HLGTMOF,2
NL479YC3PM,IXE7OQS,GYHGIYE,75
IX83928QKZ,63ZQXBU,ELVJQ9P,13
MU581HY914,C6KZDTB,TS957J0,78
ZT17074KDS,LTKXU9M,JIUWQMR,64
HI221W99HA,UUZRA9N,SOOSTY3,91
TW138D0O1G,VDX0SY6,Z8ABS9C,99
AN397S5RSI,BK87UQF,E6X10SH,36
QV741IG248,PTQW50W,DXYACM4,54
IN009KUD12,J7KFFAN,4UQ52GO,20
GV32235T5I,OL6LQ28,P6UT0D1,79
UJ1902SZ74,5EF7T4E,HH18XM2,69
AT0971JPEB,L1J6OQH,IOTTTJ5,90
ZO213ADVAL,NIXATV8,ZIVFG3K,45
FU119WGN5I,GISTO66,RXF86XP,24
GN1077TGK9,7G3X5B7,G9EDV6K,29
NL479YC3PM,R4P85VL,S9HVGXP,77
IX83928QKZ,CYTG0B3,8639YC3,91
MU581HY914,2BAFKZ7,3CDP7UT,2
ZT17074KDS,1ZI8GXF,06OUFGB,68
HI221W99HA,O1FTM22,BHRICY1,64
TW138D0O1G,9ZQGO1Q,LJCF433,43
AN397S5RSI,NPSFG3U,VGG1NMK,29
QV741IG248,EV4UYNY,5JWB2KW,48
IN009KUD12,W4HKMV1,CUFTTU6,40
GV32235T5I,2JAL5QK,4PWVA1H,61
UJ1902SZ74,OAF6X8A,AMCQOXS,81
AT0971JPEB,4YMXXSU,GSLXCE1,46
ZO213ADVAL,Z44V2QW,HU7B1C1,49
FU119WGN5I,33PP1D3,XI1QTKE,77
GN1077TGK9,K9039QY,LX3NBM2,70
NL479YC3PM,J5LLECQ,GJVHRRT,85
IX83928QKZ,7EV3GJ4,IQQPCY9,17
MU581HY914,YN2LP8G,M6FCY6S,46
ZT17074KDS,YG8GZ4X,DT2538O,84
HI221W99HA,R721OY0,OAF643V,100
TW138D0O1G,91SW0E1,82TUKEJ,34
AN397S5RSI,U5DD9WQ,MVZQGPX,63
QV741IG248,QIZNGJS,K4XGO8R,7
IN009KUD12,8KSZC3H,G7L63RX,92
GV32235T5I,EQDF3MW,DB0CM6Q,99
UJ1902SZ74,GXHEHCD,M45Q5UJ,30
AT0971JPEB,XMDWIKH,5Y6BEWO,49
ZO213ADVAL,S7RR3EX,0F1CRDC,61
FU119WGN5I,J01ZVTR,0IB13PB,84
GN1077TGK9,W1PNBDL,Z1OXWZ0,97
NL479YC3PM,KHAXZG3,N1W6GEY,88
IX83928QKZ,RENE586,FCVD5I7,84
MU581HY914,YCB94KU,PNNBP3L,89
ZT17074KDS,I80RF6T,DNPSSQW,85
HI221W99HA,WLI8EQ1,0DCVJ10,19
TW138D0O1G,840ITUS,RQMXL01,40
AN397S5RSI,2O6PXOR,0IW857T,54
QV741IG248,IMOKK21,S8AGPHQ,82
IN009KUD12,5IOYPXB,3SQ2S40,26
GV32235T5I,4EJVTIX,BCMJKQ0,30
UJ1902SZ74,V7MGIZE,2603VQK,54
AT0971JPEB,96LXURP,ZEL4AIP,13
ZO213ADVAL,BZ7BV64,V0SMC40,20
FU119WGN5I,BFSFSXU,AG8M7IU,1
GN1077TGK9,CH9PL9M,6R1Z6F1,86
NL479YC3PM,8MX6ZGC,M91XP35,60
IX83928QKZ,59G8LO3,ZHNTSBX,60
MU581HY914,MTAZN7V,FUW6KGW,75
ZT17074KDS,X367BX4,VMQ666V,55
HI221W99HA,78YU7ON,TL2RK5C,56
TW138D0O1G,L6PD8NP,I3U5NGM,4
AN397S5RSI,K7WDEJG,RW7B2I3,98
QV741IG248,NZD0DE6,4GHMEXU,10
IN009KUD12,OH545OD,NYFGQMH,2
GV32235T5I,Q74EXEH,VAIXAZF,12
UJ1902SZ74,S9R1PLE,HPUU65R,24
AT0971JPEB,UVA91J0,LA81NE2,80
ZO213ADVAL,ARJ9BTW,X7GSVVL,47
FU119WGN5I,SD7P1M8,EJMGDD8,60
GN1077TGK9,8SOZH2I,XOU33J3,42
NL479YC3PM,GOUUSBE,28OB3LE,32
IX83928QKZ,Z9DE58X,JW3F2X8,60
MU581HY914,BGW3VPB,B7SQNED,49
ZT17074KDS,ILA68CY,90L5R7K,48
HI221W99HA,LDZG0RP,6ARGDTH,77
TW138D0O1G,SY3GHGZ,LZSTS1I,29
AN397S5RSI,R4XAQV3,CS7D0YX,17
QV741IG248,D6R4VDS,Z4EASQE,47
IN009KUD12,0SIPRLO,I7RCY0X,55
GV32235T5I,35LY3B0,YA7TLMX,76
UJ1902SZ74,QPCPYKL,GRYHG8Q,97
AT0971JPEB,KK55NVQ,GZSX1AO,79
ZO213ADVAL,4D55RE5,WSN208U,87
FU119WGN5I,3D0ZGAP,OHGEDQS,29
GN1077TGK9,J7DYQL0,4BDOHUC,45
NL479YC3PM,0F9BB41,3QWLTWZ,10
IX83928QKZ,L8PVL8M,YN9FOC1,99
MU581HY914,R4RWMR1,QR4WZD9,78
ZT17074KDS,UGLIL78,PI17JUW,28
HI221W99HA,1QIJP7A,IT2LKVQ,45
TW138D0O1G,WTK0Q58,MQZZRR4,91
AN397S5RSI,NHOGRNR,B2HG8XM,36
QV741IG248,R7P9DOQ,U30PS5G,82
IN009KUD12,57AWNYN,IY9VR2E,85
GV32235T5I,Z2MGFQT,1SR4KMA,77
UJ1902SZ74,H7O2NIU,19ZTYTT,42
AT0971JPEB,HY6SY2I,QB7PUEY,30
ZO213ADVAL,17M6M4W,ROSEGG8,28
FU119WGN5I,ULJQY9R,S8OWSOE,13
GN1077TGK9,8CRLWO3,JRVSO8R,53
NL479YC3PM,KB8XT2N,GN0CZE8,94
IX83928QKZ,RUSGL8V,TRH2F9U,31
MU581HY914,UFP6AGO,QAVIAEZ,97
ZT17074KDS,VNABJC0,ZZ9L1PI,67
HI221W99HA,4ROE0MY,DMTX6BZ,91
TW138D0O1G,XTRQIKT,2EGYICG,74
AN397S5RSI,IFUCNWN,FHD38QR,76
QV741IG248,J1OKT8P,RQ3SSD8,8
IN009KUD12,00Q8DQF,EZWIPGS,76
GV32235T5I,2JGRNZU,SI17ALA,76
UJ1902SZ74,8D51RID,H9ZP82E,96
AT0971JPEB,TYRIUN5,83HR5QU,94
ZO213ADVAL,NEJOE9K,HAP9NK6,61
FU119WGN5I,571KNL9,FT79ZVS,25
GN1077TGK9,WO6UNOE,36K7PGA,98
NL479YC3PM,WCOJTKH,JKEVRB3,27
IX83928QKZ,J0IFANM,LUBXI4Y,42
MU581HY914,C9O5LIV,NWC8JTO,82
ZT17074KDS,NANU7KA,SOVSMI1,88
HI221W99HA,NTTPGVE,61TYF6J,51
TW138D0O1G,RN68KBE,QB8YOWJ,87
AN397S5RSI,CM91R8D,4UDHEE0,16
QV741IG248,2TZIYHS,NEER1C3,96
IN009KUD12,6NFFOMF,M98VB8S,57
GV32235T5I,TKTM50Y,4KLL5HA,12
UJ1902SZ74,RVD3YIX,0GV1L88,10
AT0971JPEB,FBI5B5G,5CAHO8H,66
ZO213ADVAL,44RJJ2B,GGZSYNN,32
FU119WGN5I,DM9OYCM,YIGBHTZ,40
GN1077TGK9,QMUGEWG,5K5DFOO,66
NL479YC3PM,RJQHJT4,086AQOV,43
IX83928QKZ,QHCXNKV,23OJAUW,58
MU581HY914,WK5BUAR,CB15FKY,50
ZT17074KDS,J6F8YIR,JQUANB7,44
HI221W99HA,QIPE84I,E6OF1V7,20
TW138D0O1G,HZ5NE8A,DE5ZBX7,44
AN397S5RSI,DGWMXJ9,HF4LRZM,67
QV741IG248,F930OAW,ZJVCQV4,84
IN009KUD12,XY1WQ6N,LAC0T26,97
GV32235T5I,2T2SQ7A,TXS2Z9F,22
UJ1902SZ74,819SRC1,PMPY1RU,91
AT0971JPEB,MHU5RYB,2GADGDV,69
ZO213ADVAL,BUQ5A9A,44MWZIU,7
FU119WGN5I,7TY7U5A,4M9VWYV,23
GN1077TGK9,147EFSQ,ZJT6POP,24
NL479YC3PM,DS7KVSN,7WZBJJN,16
IX83928QKZ,CDKFOM5,N64I7CY,38
MU581HY914,UD4XYY4,6RQ3W8B,5
ZT17074KDS,RXYJT63,9SA5GRO,14
HI221W99HA,DLZ1AA4,CQSLZJN,67
TW138D0O1G,HC5QSB1,ZKNHYUQ,2
AN397S5RSI,OGD0WH6,5RCFEAN,56
QV741IG248,HBAL1KF,J5H2S0H,97
IN009KUD12,0QTJY8X,OQ2O30Q,41
GV32235T5I,0JJHOQ7,RJI61OR,17
UJ1902SZ74,32E0KHW,EMP4W84,47
AT0971JPEB,SA2HQYO,9C6EBD0,25
ZO213ADVAL,0EL15PB,D7F0RJR,30
FU119WGN5I,74IL1HQ,JMUYFQJ,100
GN1077TGK9,W8GNNV1,TL5A7W8,37
NL479YC3PM,H0A1PTH,6J7YG55,90
IX83928QKZ,V75N129,QYQOGYF,90
MU581HY914,OEAKN59,SVJDMK7,6
ZT17074KDS,ELNTHE2,N4QSH2R,69
HI221W99HA,B85BZNL,Q9Y0AYF,72
TW138D0O1G,CH4C93X,QKOPEWQ,57
AN397S5RSI,RK9BCNS,VLVH9OT,21
QV741IG248,AR6XS1Z,1LQVGW4,80
IN009KUD12,L0LKTZJ,P7OOHL3,29
GV32235T5I,PRWI0MZ,9AY3FNP,35
UJ1902SZ74,I4YNLL6,HU378CS,21
AT0971JPEB,KPB6R8B,6GUU85R,43
ZO213ADVAL,CLCFGKP,YUDE4HT,24
FU119WGN5I,YK7TBPH,UCRFJJT,96
GN1077TGK9,CFLT5TY,AV4EIHF,4
NL479YC3PM,L29QOFJ,CRBVZRK,6
IX83928QKZ,N9DXMNR,6T44EYH,70
MU581HY914,NE6G9T0,N63QKZ7,36
ZT17074KDS,D8EWSZA,E4ULMGH,80
HI221W99HA,UEB3SSD,WBRM2GL,60
TW138D0O1G,Q0CEDY6,KUYT1TA,40
AN397S5RSI,Z7GWQW1,SYCFNT1,95
QV741IG248,Y1CLWE0,649I366,48
IN009KUD12,Z55PJUQ,8WNCHXV,71
GV32235T5I,SRGJE56,HT14D2Z,6
UJ1902SZ74,GFPCHJF,UOUB8R9,90
AT0971JPEB,7HB4RBQ,6FAJYZH,12
ZO213ADVAL,6DG2V6H,43RIHLN,59
FU119WGN5I,L8GDH98,UPBD72J,14
GN1077TGK9,XIDRCX9,13OSX2S,39
NL479YC3PM,G2QR6CC,UUFI363,36
IX83928QKZ,ZRI0EC1,0RCV4CG,2
MU581HY914,BO2JRD0,IPN8VB3,39
ZT17074KDS,QM7V152,IYD5EFN,4
HI221W99HA,KM8HE1Q,Z13AEK2,57
TW138D0O1G,ZCJ8UNI,1GWJB0J,80
AN397S5RSI,1MWVVP6,XDJELYF,87
QV741IG248,8E4MPSP,M3P97IB,7
IN009KUD12,ZE4DBMU,DT6MQKP,86
GV32235T5I,W3TJETR,826HKE8,45
UJ1902SZ74,FWN8ME5,QVXSYTY,31
AT0971JPEB,OJYVM7T,64IZ3PZ,58
ZO213ADVAL,V6R4MUO,BQT5FM6,66
FU119WGN5I,PBOFRZN,AFDP2U8,21
GN1077TGK9,A4OFLJK,R9UC5OB,74
NL479YC3PM,4AXFS53,TZMCA6F,75
IX83928QKZ,2ENW7I8,X8YD45S,58
MU581HY914,6EFYO8X,GIIGLL4,95
ZT17074KDS,9UA4EPL,CAHNDFI,28
HI221W99HA,TUZR8CF,IU5EPFN,70
TW138D0O1G,XWWDBFY,LRYYB6S,22
AN397S5RSI,G1W0U02,MGHXZDL,23
QV741IG248,XRE8ABF,RRANUPH,64
IN009KUD12,GIUTHTF,Z6ZUOH8,65
GV32235T5I,96XTRXB,8IYN8H6,94
UJ1902SZ74,F4RMS52,4X7DMIK,86
AT0971JPEB,8HQEG5V,OP0LPGE,51
ZO213ADVAL,BM862FK,DJ4NIQ4,15
FU119WGN5I,PIP9QBB,83WM68X,47
GN1077TGK9,IPOUI8O,3OK7UP0,83
NL479YC3PM,U8CXZLG,SVPCUNO,57
IX83928QKZ,P37D8O9,BF8K8VD,76
MU581HY914,S9NK169,TKFGIHP,87
ZT17074KDS,TA8M2PQ,ZPY1W0I,93
HI221W99HA,SEFGSAX,L0PSSG0,64
TW138D0O1G,DHJ5C4C,B8UK6WY,38
AN397S5RSI,38CAAE6,M1YSXZR,60
QV741IG248,KCZJNVY,B7XTPAW,31
IN009KUD12,W68CMC6,W8EE68A,72
GV32235T5I,GENDW7D,7LJX567,8
UJ1902SZ74,X4YS2XG,SXIARWX,21
AT0971JPEB,Y63ILXL,I8J1CUS,27
ZO213ADVAL,NH9RFLC,E15XCAJ,13
FU119WGN5I,WCCTPTL,EELBEJY,28
GN1077TGK9,27W7WDI,39MB50Z,39
NL479YC3PM,L1S9WSK,CP8C831,35
IX83928QKZ,TTKQW9S,HNFURBO,5
MU581HY914,IO8M2OS,CL68H6V,25
ZT17074KDS,691MWQY,CLRSBNI,85
HI221W99HA,DBNLDVJ,BOA8A09,7
TW138D0O1G,7AUJLOE,SQW4DRM,77
AN397S5RSI,LNUAWS0,XRM5BAW,26
QV741IG248,K0VKVCM,50O7AT8,100
IN009KUD12,EE5HWOD,YHI5SWJ,20
GV32235T5I,XK6B3PG,RCU1UXV,18
UJ1902SZ74,WEPPU3L,O70O817,69
AT0971JPEB,9FKZK2E,MPSEAME,41
ZO213ADVAL,OCBNBJ1,RK4S6HU,32
FU119WGN5I,SL57SVO,AIFFABF,83
GN1077TGK9,PL5Q0YW,LPQ82HX,3
NL479YC3PM,0VQWLN9,U7BI5I1,52
IX83928QKZ,U307NGZ,SYALPFN,71
MU581HY914,ETNWNW7,6FTQIEQ,7
ZT17074KDS,95NSGU9,TWM02HX,6
HI221W99HA,GJGBCEC,XJ0L3YG,75
TW138D0O1G,NR48XYR,BQURN0L,80
AN397S5RSI,Z1VNMTK,BQ3BH5J,19
QV741IG248,BPVEU55,V629OK6,12
IN009KUD12,F6P94DX,PBH6R46,43
GV32235T5I,XCMPUYS,7AU6RXJ,31
UJ1902SZ74,492RFDB,9JLHNGU,36
AT0971JPEB,3ASGN0H,BPG8ZPK,25
ZO213ADVAL,H3DQ7T9,EFRZXAC,86
FU119WGN5I,0ZES9BJ,NS3CVEM,99
GN1077TGK9,90FZ0JR,PS2QDXJ,60
NL479YC3PM,BLQ8V8O,CTL4ESP,39
IX83928QKZ,XFXYYR6,EY4NWGL,11
MU581HY914,SKNG9QP,676FRX3,31
ZT17074KDS,VB5VQBZ,B7L4CBQ,66
HI221W99HA,6IR7GGV,DGTL75S,2
TW138D0O1G,32MOUU1,HASGL0P,2
AN397S5RSI,YWCM6I3,HBGHRXH,35
QV741IG248,CRUDX5H,DNXQEEX,60
IN009KUD12,JBPCGNN,L3VSWT2,4
GV32235T5I,RL5YF70,T1X1AYY,76
UJ1902SZ74,9G9XC7V,77Y3QO6,44
AT0971JPEB,288N9DX,EE2V1BA,92
ZO213ADVAL,2W180FC,23OQ3XR,33
FU119WGN5I,0UVP949,XKTG49U,45
GN1077TGK9,24XDHTQ,Z3QDDGC,27
NL479YC3PM,QHB4903,Z5NJH3Z,81
IX83928QKZ,BADL7RB,995RRCD,60
MU581HY914,BA7RGVF,VWP3WHC,37
ZT17074KDS,S2JLMLP,1RRUXNO,59
HI221W99HA,FGDGJX4,I70ZX94,87
TW138D0O1G,ER0X2PI,RIH777F,43
AN397S5RSI,5BDYALM,50PF94Z,3
QV741IG248,6SDAKHU,J7OMT5K,9
IN009KUD12,G246H6E,3PI6D8D,31
GV32235T5I,2X99KDN,0VSFWS7,98
UJ1902SZ74,W1SFQVD,1JUDV7W,27
AT0971JPEB,33DR4PI,0WJHQV9,79
ZO213ADVAL,T9BMRZS,309CNLC,42
FU119WGN5I,YTCHS7G,GZW69L2,17
GN1077TGK9,SZU9U5C,FNPW2PV,24
NL479YC3PM,CAZSOY4,E21NIMP,13
IX83928QKZ,GOHB8NG,CDK7QMS,70
MU581HY914,V6OA30N,4X8CAL9,23
ZT17074KDS,48ND9VR,NTP1JDA,34
HI221W99HA,DRL1BU4,Y7OXHZ4,72
TW138D0O1G,SYV7HVG,D9LEDU0,9
AN397S5RSI,ULZ7RGE,L8ONK6W,47
QV741IG248,UHAVZ08,OHA9444,38
IN009KUD12,DJWN8YU,3FDYVZA,95
GV32235T5I,NDAWHZR,4CQ4BGD,5
UJ1902SZ74,SODYLI9,DVPIBKI,9
AT0971JPEB,T7ZMEM7,30RFZV3,34
ZO213ADVAL,HSRP2ZE,6QHDB8M,1
FU119WGN5I,TRQENEF,JR6RZDR,29
GN1077TGK9,8OQDEUG,I2HS7TD,96
NL479YC3PM,HQLMQTR,W2WUWWJ,25
IX83928QKZ,4FRE6ZB,8RHW4H8,70
MU581HY914,CG5RG04,K40XEE8,92
ZT17074KDS,T2PXLLE,NTT6QYC,100
HI221W99HA,PGRN66Z,HEPHBLM,57
TW138D0O1G,YEQ7BP9,5RYHN69,60
AN397S5RSI,7MWQKQL,15NFY2J,56
QV741IG248,D15ANEO,H9IU22E,62
IN009KUD12,EOODVKO,G24S10F,99
GV32235T5I,D8DLDXR,7QSIPEH,79
UJ1902SZ74,HLGTMOF,3PXAN1Z,100
AT0971JPEB,GYHGIYE,YUW6G0P,43
ZO213ADVAL,ELVJQ9P,7TVVZ9M,85
FU119WGN5I,TS957J0,2X1LN60,37
GN1077TGK9,JIUWQMR,TNPVYLW,31
NL479YC3PM,SOOSTY3,ULZK6I7,46
IX83928QKZ,Z8ABS9C,QOQ5H66,81
MU581HY914,E6X10SH,VRMHXNU,49
ZT17074KDS,DXYACM4,YJHA5M4,87
HI221W99HA,4UQ52GO,F65QH0E,26
TW138D0O1G,P6UT0D1,YWMQMRN,7
AN397S5RSI,HH18XM2,4N72GE1,85
QV741IG248,IOTTTJ5,ZTP3KFY,90
IN009KUD12,ZIVFG3K,5ZY6396,45
GV32235T5I,RXF86XP,4PUNUHU,94
UJ1902SZ74,G9EDV6K,U3VR6LE,16
AT0971JPEB,S9HVGXP,U4GTUEA,78
ZO213ADVAL,8639YC3,M4AM97L,2
FU119WGN5I,3CDP7UT,6J27TSN,91
GN1077TGK9,06OUFGB,39GY6HE,14
NL479YC3PM,BHRICY1,29NFIRL,61
IX83928QKZ,LJCF433,JZW5L5M,97
MU581HY914,VGG1NMK,1HPG7CF,33
ZT17074KDS,5JWB2KW,26CS7YB,17
HI221W99HA,CUFTTU6,AMG6DYZ,70
TW138D0O1G,4PWVA1H,66QAF3F,16
AN397S5RSI,AMCQOXS,NF1TBO4,56
QV741IG248,GSLXCE1,BALUPNH,48
IN009KUD12,HU7B1C1,D1YDTHA,89
GV32235T5I,XI1QTKE,NUSC90O,59
UJ1902SZ74,LX3NBM2,XMQ3NYH,35
AT0971JPEB,GJVHRRT,KXSZGOU,90
ZO213ADVAL,IQQPCY9,L59B6V9,85
FU119WGN5I,M6FCY6S,V4F4CG2,11
GN1077TGK9,DT2538O,D9W85YN,16
NL479YC3PM,OAF643V,4E0JBBG,13
IX83928QKZ,82TUKEJ,8HO9Y84,31
MU581HY914,MVZQGPX,3DN8NWR,9
ZT17074KDS,K4XGO8R,3EGAC49,53
HI221W99HA,G7L63RX,XTEDSDK,19
TW138D0O1G,DB0CM6Q,4N1U4T7,37
AN397S5RSI,M45Q5UJ,109FY7X,81
QV741IG248,5Y6BEWO,LTAJ1HB,60
IN009KUD12,0F1CRDC,UT7YEMZ,35
GV32235T5I,0IB13PB,DE20OX0,74
UJ1902SZ74,Z1OXWZ0,22D7HTO,1
AT0971JPEB,N1W6GEY,23VESH0,26
ZO213ADVAL,FCVD5I7,DBHQS5L,4
FU119WGN5I,PNNBP3L,AD8DAN7,9
GN1077TGK9,DNPSSQW,8IV8ZQC,15
NL479YC3PM,0DCVJ10,CFBRCA7,44
IX83928QKZ,RQMXL01,GKDZNVV,74
MU581HY914,0IW857T,DJ7RAX9,54
ZT17074KDS,S8AGPHQ,NQAD66H,7
HI221W99HA,3SQ2S40,DGB2TY4,41
TW138D0O1G,BCMJKQ0,DXESA6D,26
AN397S5RSI,2603VQK,64IH2G1,43
QV741IG248,ZEL4AIP,MX8UQHW,73
IN009KUD12,V0SMC40,FKTRM45,9
GV32235T5I,AG8M7IU,Q8TQ2ON,9
UJ1902SZ74,6R1Z6F1,T4DDPN2,11
AT0971JPEB,M91XP35,BDB5X56,14
ZO213ADVAL,ZHNTSBX,Q2HVLN6,24
FU119WGN5I,FUW6KGW,YRAYYIF,98
GN1077TGK9,VMQ666V,S5OT9E0,97
NL479YC3PM,TL2RK5C,MX27I4T,69
IX83928QKZ,I3U5NGM,OPRFV32,91
MU581HY914,RW7B2I3,7KZR222,98
ZT17074KDS,4GHMEXU,3N3RX4D,80
HI221W99HA,NYFGQMH,D59SW5A,76
TW138D0O1G,VAIXAZF,A7X5XCQ,68
AN397S5RSI,HPUU65R,7JNTS7L,64
QV741IG248,LA81NE2,VJPEYM1,94
IN009KUD12,X7GSVVL,VBRQXWB,32
GV32235T5I,EJMGDD8,2NZ0C1F,79
UJ1902SZ74,XOU33J3,6CBDB8B,19
AT0971JPEB,28OB3LE,WGLBFKF,43
ZO213ADVAL,JW3F2X8,LKU3LSG,78
FU119WGN5I,B7SQNED,ZKHJNT4,90
GN1077TGK9,90L5R7K,R50Q2AZ,64
NL479YC3PM,6ARGDTH,LYXKNV0,82
IX83928QKZ,LZSTS1I,18H512X,11
MU581HY914,CS7D0YX,JR3O2MU,13
ZT17074KDS,Z4EASQE,3MLVFB1,7
HI221W99HA,I7RCY0X,53WAMPV,2
TW138D0O1G,YA7TLMX,HN6YM08,19
AN397S5RSI,GRYHG8Q,WEWF1JE,57
QV741IG248,GZSX1AO,04PLSH3,31
IN009KUD12,WSN208U,RQ8AATA,5
GV32235T5I,OHGEDQS,VXNR9GJ,62
UJ1902SZ74,4BDOHUC,SKCF7G6,89
AT0971JPEB,3QWLTWZ,N4Z6K00,80
ZO213ADVAL,YN9FOC1,X3JSB0A,58
FU119WGN5I,QR4WZD9,RCKLD6P,62
GN1077TGK9,PI17JUW,1MGJ0QO,31
NL479YC3PM,IT2LKVQ,KR6RE2R,69
IX83928QKZ,MQZZRR4,A7NIAOU,86
MU581HY914,B2HG8XM,0W2GTLE,24
ZT17074KDS,U30PS5G,EV42YPB,42
HI221W99HA,IY9VR2E,HJPSUX8,28
TW138D0O1G,1SR4KMA,YL3NGFP,50
AN397S5RSI,19ZTYTT,AXCZ7DO,74
QV741IG248,QB7PUEY,WK6BIEB,94
IN009KUD12,ROSEGG8,PIH9VWP,52
GV32235T5I,S8OWSOE,0ZTQT3C,85
UJ1902SZ74,JRVSO8R,KL03FS5,70
AT0971JPEB,GN0CZE8,U3R717R,60
ZO213ADVAL,TRH2F9U,UTLWVL5,3
UA700ZHN5F,QAVIAEZ,QAVIAEZ,73
TR202OHRJ8,ZZ9L1PI,ZZ9L1PI,8
RY8076ADQX,DMTX6BZ,DMTX6BZ,91
ZF254JDBWA,2EGYICG,2EGYICG,19
HT187TM346,FHD38QR,FHD38QR,92
AN106VMB9Z,RQ3SSD8,RQ3SSD8,31
FF3610NQ0W,EZWIPGS,EZWIPGS,90
BS508XXHRD,SI17ALA,SI17ALA,54
EU290A8ENU,H9ZP82E,H9ZP82E,96
ES187TFWQ2,83HR5QU,83HR5QU,91
JZ187GWLN4,HAP9NK6,HAP9NK6,91
JW592Q3SL6,FT79ZVS,FT79ZVS,26
FH43868JVJ,36K7PGA,36K7PGA,61
SU2488GBJT,JKEVRB3,JKEVRB3,16
ML469SF2K2,LUBXI4Y,LUBXI4Y,81
PL3630RQA1,NWC8JTO,NWC8JTO,38
GK022DF4QW,SOVSMI1,SOVSMI1,98
TT307O6LI0,61TYF6J,61TYF6J,54
CO124ZSD0O,QB8YOWJ,QB8YOWJ,10
FC438KLT2J,4UDHEE0,4UDHEE0,3
HP871D4F83,NEER1C3,NEER1C3,13
ZD552B4JBM,M98VB8S,M98VB8S,64
OJ2250C54Q,4KLL5HA,4KLL5HA,90
OI8633SWUT,0GV1L88,0GV1L88,36
DT520ZOXYB,5CAHO8H,5CAHO8H,70
RG598ASDO7,GGZSYNN,GGZSYNN,18
DH031YQ31Y,YIGBHTZ,YIGBHTZ,37
XW73487FO8,5K5DFOO,5K5DFOO,58
WR515MRIQX,086AQOV,086AQOV,2
DW699P5QVC,23OJAUW,23OJAUW,42
AJ650FB45L,CB15FKY,CB15FKY,40
TR723MA1YJ,JQUANB7,JQUANB7,7
GM908GVWQ5,E6OF1V7,E6OF1V7,6
WM417NWVWW,DE5ZBX7,DE5ZBX7,63
YQ530V4QMY,HF4LRZM,HF4LRZM,20
MG684CDYQL,ZJVCQV4,ZJVCQV4,12
SD943E74A0,LAC0T26,LAC0T26,26
QX118174TB,TXS2Z9F,TXS2Z9F,75
FI450JPZCV,PMPY1RU,PMPY1RU,25
HE967K2P62,2GADGDV,2GADGDV,97
UC95605J9C,44MWZIU,44MWZIU,90
JU321C82FC,4M9VWYV,4M9VWYV,65
ET674G0JJH,ZJT6POP,ZJT6POP,14
QW9998X5WK,7WZBJJN,7WZBJJN,57
TK143QJ0LV,N64I7CY,N64I7CY,57
UA700ZHN5F,6RQ3W8B,6RQ3W8B,84
TR202OHRJ8,9SA5GRO,9SA5GRO,51
RY8076ADQX,CQSLZJN,CQSLZJN,29
ZF254JDBWA,ZKNHYUQ,ZKNHYUQ,86
HT187TM346,5RCFEAN,5RCFEAN,13
AN106VMB9Z,J5H2S0H,J5H2S0H,60
FF3610NQ0W,OQ2O30Q,OQ2O30Q,1
BS508XXHRD,RJI61OR,RJI61OR,98
EU290A8ENU,EMP4W84,EMP4W84,27
ES187TFWQ2,9C6EBD0,9C6EBD0,74
JZ187GWLN4,D7F0RJR,D7F0RJR,43
JW592Q3SL6,JMUYFQJ,JMUYFQJ,70
FH43868JVJ,TL5A7W8,TL5A7W8,37
SU2488GBJT,6J7YG55,6J7YG55,58
ML469SF2K2,QYQOGYF,QYQOGYF,19
PL3630RQA1,SVJDMK7,SVJDMK7,21
GK022DF4QW,N4QSH2R,N4QSH2R,63
TT307O6LI0,Q9Y0AYF,Q9Y0AYF,16
CO124ZSD0O,QKOPEWQ,QKOPEWQ,14
FC438KLT2J,VLVH9OT,VLVH9OT,100
HP871D4F83,1LQVGW4,1LQVGW4,65
ZD552B4JBM,P7OOHL3,P7OOHL3,39
OJ2250C54Q,9AY3FNP,9AY3FNP,30
OI8633SWUT,HU378CS,HU378CS,38
DT520ZOXYB,6GUU85R,6GUU85R,43
RG598ASDO7,YUDE4HT,YUDE4HT,33
DH031YQ31Y,UCRFJJT,UCRFJJT,94
XW73487FO8,AV4EIHF,AV4EIHF,68
WR515MRIQX,CRBVZRK,CRBVZRK,26
DW699P5QVC,6T44EYH,6T44EYH,86
AJ650FB45L,N63QKZ7,N63QKZ7,94
TR723MA1YJ,E4ULMGH,E4ULMGH,63
GM908GVWQ5,WBRM2GL,WBRM2GL,19
WM417NWVWW,KUYT1TA,KUYT1TA,80
YQ530V4QMY,SYCFNT1,SYCFNT1,16
MG684CDYQL,649I366,649I366,44
SD943E74A0,8WNCHXV,8WNCHXV,47
QX118174TB,HT14D2Z,HT14D2Z,49
FI450JPZCV,UOUB8R9,UOUB8R9,61
HE967K2P62,6FAJYZH,6FAJYZH,64
UC95605J9C,43RIHLN,43RIHLN,85
JU321C82FC,UPBD72J,UPBD72J,63
ET674G0JJH,13OSX2S,13OSX2S,78
QW9998X5WK,UUFI363,UUFI363,24
TK143QJ0LV,0RCV4CG,0RCV4CG,79
UA700ZHN5F,IPN8VB3,IPN8VB3,51
TR202OHRJ8,IYD5EFN,IYD5EFN,56
RY8076ADQX,Z13AEK2,Z13AEK2,49
ZF254JDBWA,1GWJB0J,1GWJB0J,65
HT187TM346,XDJELYF,XDJELYF,18
AN106VMB9Z,M3P97IB,M3P97IB,96
FF3610NQ0W,DT6MQKP,DT6MQKP,3
BS508XXHRD,826HKE8,826HKE8,41
EU290A8ENU,QVXSYTY,QVXSYTY,36
ES187TFWQ2,64IZ3PZ,64IZ3PZ,71
JZ187GWLN4,BQT5FM6,BQT5FM6,89
JW592Q3SL6,AFDP2U8,AFDP2U8,59
FH43868JVJ,R9UC5OB,R9UC5OB,46
SU2488GBJT,TZMCA6F,TZMCA6F,61
ML469SF2K2,X8YD45S,X8YD45S,3
PL3630RQA1,GIIGLL4,GIIGLL4,5
GK022DF4QW,CAHNDFI,CAHNDFI,51
TT307O6LI0,IU5EPFN,IU5EPFN,94
CO124ZSD0O,LRYYB6S,LRYYB6S,61
FC438KLT2J,MGHXZDL,MGHXZDL,84
HP871D4F83,RRANUPH,RRANUPH,72
ZD552B4JBM,Z6ZUOH8,Z6ZUOH8,24
OJ2250C54Q,8IYN8H6,8IYN8H6,28
OI8633SWUT,4X7DMIK,4X7DMIK,49
DT520ZOXYB,OP0LPGE,OP0LPGE,44
RG598ASDO7,DJ4NIQ4,DJ4NIQ4,95
DH031YQ31Y,83WM68X,83WM68X,3
XW73487FO8,3OK7UP0,3OK7UP0,31
WR515MRIQX,SVPCUNO,SVPCUNO,95
DW699P5QVC,BF8K8VD,BF8K8VD,11
AJ650FB45L,TKFGIHP,TKFGIHP,6
TR723MA1YJ,ZPY1W0I,ZPY1W0I,88
GM908GVWQ5,L0PSSG0,L0PSSG0,23
WM417NWVWW,B8UK6WY,B8UK6WY,87
YQ530V4QMY,M1YSXZR,M1YSXZR,50
MG684CDYQL,B7XTPAW,B7XTPAW,93
SD943E74A0,W8EE68A,W8EE68A,83
QX118174TB,7LJX567,7LJX567,47
FI450JPZCV,SXIARWX,SXIARWX,52
HE967K2P62,I8J1CUS,I8J1CUS,24
UC95605J9C,E15XCAJ,E15XCAJ,7
JU321C82FC,EELBEJY,EELBEJY,48
ET674G0JJH,39MB50Z,39MB50Z,73
QW9998X5WK,CP8C831,CP8C831,12
TK143QJ0LV,HNFURBO,HNFURBO,44
UA700ZHN5F,CL68H6V,CL68H6V,67
TR202OHRJ8,CLRSBNI,CLRSBNI,59
RY8076ADQX,BOA8A09,BOA8A09,90
ZF254JDBWA,SQW4DRM,SQW4DRM,45
HT187TM346,XRM5BAW,XRM5BAW,17
AN106VMB9Z,50O7AT8,50O7AT8,52
FF3610NQ0W,YHI5SWJ,YHI5SWJ,45
BS508XXHRD,RCU1UXV,RCU1UXV,59
EU290A8ENU,O70O817,O70O817,41
ES187TFWQ2,MPSEAME,MPSEAME,28
JZ187GWLN4,RK4S6HU,RK4S6HU,97
JW592Q3SL6,AIFFABF,AIFFABF,21
FH43868JVJ,LPQ82HX,LPQ82HX,22
SU2488GBJT,U7BI5I1,U7BI5I1,68
ML469SF2K2,SYALPFN,SYALPFN,26
PL3630RQA1,6FTQIEQ,6FTQIEQ,7
GK022DF4QW,TWM02HX,TWM02HX,70
TT307O6LI0,XJ0L3YG,XJ0L3YG,79
CO124ZSD0O,BQURN0L,BQURN0L,3
FC438KLT2J,BQ3BH5J,BQ3BH5J,2
HP871D4F83,V629OK6,V629OK6,68
ZD552B4JBM,PBH6R46,PBH6R46,29
OJ2250C54Q,7AU6RXJ,7AU6RXJ,9
OI8633SWUT,9JLHNGU,9JLHNGU,32
DT520ZOXYB,BPG8ZPK,BPG8ZPK,41
RG598ASDO7,EFRZXAC,EFRZXAC,80
DH031YQ31Y,NS3CVEM,NS3CVEM,37
XW73487FO8,PS2QDXJ,PS2QDXJ,84
WR515MRIQX,CTL4ESP,CTL4ESP,86
DW699P5QVC,EY4NWGL,EY4NWGL,20
AJ650FB45L,676FRX3,676FRX3,14
TR723MA1YJ,B7L4CBQ,B7L4CBQ,37
GM908GVWQ5,DGTL75S,DGTL75S,1
WM417NWVWW,HASGL0P,HASGL0P,9
YQ530V4QMY,HBGHRXH,HBGHRXH,32
MG684CDYQL,DNXQEEX,DNXQEEX,72
SD943E74A0,L3VSWT2,L3VSWT2,37
QX118174TB,T1X1AYY,T1X1AYY,79
FI450JPZCV,77Y3QO6,77Y3QO6,90
HE967K2P62,EE2V1BA,EE2V1BA,20
UC95605J9C,23OQ3XR,23OQ3XR,41
JU321C82FC,XKTG49U,XKTG49U,65
ET674G0JJH,Z3QDDGC,Z3QDDGC,75
QW9998X5WK,Z5NJH3Z,Z5NJH3Z,53
TK143QJ0LV,995RRCD,995RRCD,34
UA700ZHN5F,VWP3WHC,VWP3WHC,42
TR202OHRJ8,1RRUXNO,1RRUXNO,11
RY8076ADQX,I70ZX94,I70ZX94,91
ZF254JDBWA,RIH777F,RIH777F,66
HT187TM346,50PF94Z,50PF94Z,73
AN106VMB9Z,J7OMT5K,J7OMT5K,1
FF3610NQ0W,3PI6D8D,3PI6D8D,34
BS508XXHRD,0VSFWS7,0VSFWS7,82
EU290A8ENU,1JUDV7W,1JUDV7W,99
ES187TFWQ2,0WJHQV9,0WJHQV9,25
JZ187GWLN4,309CNLC,309CNLC,43
JW592Q3SL6,GZW69L2,GZW69L2,82
FH43868JVJ,FNPW2PV,FNPW2PV,76
SU2488GBJT,E21NIMP,E21NIMP,73
ML469SF2K2,CDK7QMS,CDK7QMS,47
PL3630RQA1,4X8CAL9,4X8CAL9,67
GK022DF4QW,NTP1JDA,NTP1JDA,42
TT307O6LI0,Y7OXHZ4,Y7OXHZ4,13
CO124ZSD0O,D9LEDU0,D9LEDU0,81
FC438KLT2J,L8ONK6W,L8ONK6W,50
HP871D4F83,OHA9444,OHA9444,66
ZD552B4JBM,3FDYVZA,3FDYVZA,29
OJ2250C54Q,4CQ4BGD,4CQ4BGD,27
OI8633SWUT,DVPIBKI,DVPIBKI,32
DT520ZOXYB,30RFZV3,30RFZV3,6
RG598ASDO7,6QHDB8M,6QHDB8M,28
DH031YQ31Y,JR6RZDR,JR6RZDR,82
XW73487FO8,I2HS7TD,I2HS7TD,12
WR515MRIQX,W2WUWWJ,W2WUWWJ,81
DW699P5QVC,8RHW4H8,8RHW4H8,71
AJ650FB45L,K40XEE8,K40XEE8,30
TR723MA1YJ,NTT6QYC,NTT6QYC,37
GM908GVWQ5,HEPHBLM,HEPHBLM,59
WM417NWVWW,5RYHN69,5RYHN69,37
YQ530V4QMY,15NFY2J,15NFY2J,75
MG684CDYQL,H9IU22E,H9IU22E,48
SD943E74A0,G24S10F,G24S10F,70
QX118174TB,7QSIPEH,7QSIPEH,65
FI450JPZCV,3PXAN1Z,3PXAN1Z,49
HE967K2P62,YUW6G0P,YUW6G0P,39
UC95605J9C,7TVVZ9M,7TVVZ9M,65
JU321C82FC,2X1LN60,2X1LN60,89
ET674G0JJH,TNPVYLW,TNPVYLW,40
QW9998X5WK,ULZK6I7,ULZK6I7,62
TK143QJ0LV,QOQ5H66,QOQ5H66,11
UA700ZHN5F,VRMHXNU,VRMHXNU,9
TR202OHRJ8,YJHA5M4,YJHA5M4,20
RY8076ADQX,F65QH0E,F65QH0E,71
ZF254JDBWA,YWMQMRN,YWMQMRN,97
HT187TM346,4N72GE1,4N72GE1,56
AN106VMB9Z,ZTP3KFY,ZTP3KFY,44
FF3610NQ0W,5ZY6396,5ZY6396,9
BS508XXHRD,4PUNUHU,4PUNUHU,71
EU290A8ENU,U3VR6LE,U3VR6LE,19
ES187TFWQ2,U4GTUEA,U4GTUEA,72
JZ187GWLN4,M4AM97L,M4AM97L,70
JW592Q3SL6,6J27TSN,6J27TSN,56
FH43868JVJ,39GY6HE,39GY6HE,64
SU2488GBJT,29NFIRL,29NFIRL,77
ML469SF2K2,JZW5L5M,JZW5L5M,50
PL3630RQA1,1HPG7CF,1HPG7CF,3
GK022DF4QW,26CS7YB,26CS7YB,23
TT307O6LI0,AMG6DYZ,AMG6DYZ,56
CO124ZSD0O,66QAF3F,66QAF3F,96
FC438KLT2J,NF1TBO4,NF1TBO4,23
HP871D4F83,BALUPNH,BALUPNH,12
ZD552B4JBM,D1YDTHA,D1YDTHA,1
OJ2250C54Q,NUSC90O,NUSC90O,94
OI8633SWUT,XMQ3NYH,XMQ3NYH,79
DT520ZOXYB,KXSZGOU,KXSZGOU,67
RG598ASDO7,L59B6V9,L59B6V9,26
DH031YQ31Y,V4F4CG2,V4F4CG2,54
XW73487FO8,D9W85YN,D9W85YN,18
WR515MRIQX,4E0JBBG,4E0JBBG,8
DW699P5QVC,8HO9Y84,8HO9Y84,35
AJ650FB45L,3DN8NWR,3DN8NWR,20
TR723MA1YJ,3EGAC49,3EGAC49,4
GM908GVWQ5,XTEDSDK,XTEDSDK,2
WM417NWVWW,4N1U4T7,4N1U4T7,43
YQ530V4QMY,109FY7X,109FY7X,17
MG684CDYQL,LTAJ1HB,LTAJ1HB,62
SD943E74A0,UT7YEMZ,UT7YEMZ,6
QX118174TB,DE20OX0,DE20OX0,29
FI450JPZCV,22D7HTO,22D7HTO,55
HE967K2P62,23VESH0,23VESH0,10
UC95605J9C,DBHQS5L,DBHQS5L,47
JU321C82FC,AD8DAN7,AD8DAN7,36
ET674G0JJH,8IV8ZQC,8IV8ZQC,4
QW9998X5WK,CFBRCA7,CFBRCA7,75
TK143QJ0LV,GKDZNVV,GKDZNVV,88
UA700ZHN5F,DJ7RAX9,DJ7RAX9,52
TR202OHRJ8,NQAD66H,NQAD66H,87
RY8076ADQX,DGB2TY4,DGB2TY4,20
ZF254JDBWA,DXESA6D,DXESA6D,29
HT187TM346,64IH2G1,64IH2G1,24
AN106VMB9Z,MX8UQHW,MX8UQHW,6
FF3610NQ0W,FKTRM45,FKTRM45,85
BS508XXHRD,Q8TQ2ON,Q8TQ2ON,58
EU290A8ENU,T4DDPN2,T4DDPN2,83
ES187TFWQ2,BDB5X56,BDB5X56,75
JZ187GWLN4,Q2HVLN6,Q2HVLN6,100
JW592Q3SL6,YRAYYIF,YRAYYIF,69
FH43868JVJ,S5OT9E0,S5OT9E0,83
SU2488GBJT,MX27I4T,MX27I4T,48
ML469SF2K2,OPRFV32,OPRFV32,75
PL3630RQA1,7KZR222,7KZR222,87
GK022DF4QW,3N3RX4D,3N3RX4D,80
TT307O6LI0,D59SW5A,D59SW5A,21
CO124ZSD0O,A7X5XCQ,A7X5XCQ,36
FC438KLT2J,7JNTS7L,7JNTS7L,40
HP871D4F83,VJPEYM1,VJPEYM1,83
ZD552B4JBM,VBRQXWB,VBRQXWB,48
OJ2250C54Q,2NZ0C1F,2NZ0C1F,46
OI8633SWUT,6CBDB8B,6CBDB8B,80
DT520ZOXYB,WGLBFKF,WGLBFKF,49
RG598ASDO7,LKU3LSG,LKU3LSG,37
DH031YQ31Y,ZKHJNT4,ZKHJNT4,30
XW73487FO8,R50Q2AZ,R50Q2AZ,0
WR515MRIQX,LYXKNV0,LYXKNV0,45
DW699P5QVC,18H512X,18H512X,21
AJ650FB45L,JR3O2MU,JR3O2MU,45
TR723MA1YJ,3MLVFB1,3MLVFB1,7
GM908GVWQ5,53WAMPV,53WAMPV,84
WM417NWVWW,HN6YM08,HN6YM08,24
YQ530V4QMY,WEWF1JE,WEWF1JE,7
MG684CDYQL,04PLSH3,04PLSH3,79
SD943E74A0,RQ8AATA,RQ8AATA,58
QX118174TB,VXNR9GJ,VXNR9GJ,32
FI450JPZCV,SKCF7G6,SKCF7G6,34
HE967K2P62,N4Z6K00,N4Z6K00,20
UC95605J9C,X3JSB0A,X3JSB0A,84
JU321C82FC,RCKLD6P,RCKLD6P,31
ET674G0JJH,1MGJ0QO,1MGJ0QO,40
QW9998X5WK,KR6RE2R,KR6RE2R,97
TK143QJ0LV,A7NIAOU,A7NIAOU,41
UA700ZHN5F,0W2GTLE,0W2GTLE,51
TR202OHRJ8,EV42YPB,EV42YPB,84
RY8076ADQX,HJPSUX8,HJPSUX8,8
ZF254JDBWA,YL3NGFP,YL3NGFP,20
HT187TM346,AXCZ7DO,AXCZ7DO,79
AN106VMB9Z,WK6BIEB,WK6BIEB,43
FF3610NQ0W,PIH9VWP,PIH9VWP,48
BS508XXHRD,0ZTQT3C,0ZTQT3C,0
EU290A8ENU,KL03FS5,KL03FS5,15
ES187TFWQ2,U3R717R,U3R717R,81
JZ187GWLN4,UTLWVL5,UTLWVL5,91
JW592Q3SL6,4Z6E21F,4Z6E21F,44
FH43868JVJ,4EZH6A2,4EZH6A2,57
SU2488GBJT,BY62OLI,BY62OLI,10
ML469SF2K2,8US6LD7,8US6LD7,76
PL3630RQA1,V4C8VYE,V4C8VYE,71
GK022DF4QW,HNGVYWY,HNGVYWY,43
TT307O6LI0,N6HEVC1,N6HEVC1,81
CO124ZSD0O,TLDN0UJ,TLDN0UJ,94
FC438KLT2J,1Y27W4M,1Y27W4M,18
HP871D4F83,B56S0J9,B56S0J9,59
ZD552B4JBM,VHJ5CYF,VHJ5CYF,80
OJ2250C54Q,ZICK3FX,ZICK3FX,24
OI8633SWUT,ROOUFQ2,ROOUFQ2,63
DT520ZOXYB,K0NH256,K0NH256,78
RG598ASDO7,24DPL6H,24DPL6H,8
DH031YQ31Y,X8G46V9,X8G46V9,25
XW73487FO8,B5ND809,B5ND809,37
WR515MRIQX,B0193AB,B0193AB,14
DW699P5QVC,2VRVDZN,2VRVDZN,36
AJ650FB45L,A6TREZD,A6TREZD,67
TR723MA1YJ,MQG43JS,MQG43JS,40
GM908GVWQ5,8IEMIJ2,8IEMIJ2,24
WM417NWVWW,7SK4EY8,7SK4EY8,78
YQ530V4QMY,7Z1KVX2,7Z1KVX2,65
MG684CDYQL,A61LFTG,A61LFTG,15
SD943E74A0,X2MVXIS,X2MVXIS,28
QX118174TB,N32WDUY,N32WDUY,88
FI450JPZCV,MQES8AK,MQES8AK,61
HE967K2P62,5THMZZ9,5THMZZ9,24
UC95605J9C,2ZP2SRV,2ZP2SRV,83
JU321C82FC,XFOQTQ8,XFOQTQ8,49
ET674G0JJH,KGMDQQC,KGMDQQC,86
QW9998X5WK,Q4GT3TN,Q4GT3TN,75
TK143QJ0LV,A333ENO,A333ENO,74
UA700ZHN5F,PWYLUST,PWYLUST,47
TR202OHRJ8,STFSGZK,STFSGZK,31
RY8076ADQX,VGLUZU2,VGLUZU2,76
ZF254JDBWA,A2MLLUK,A2MLLUK,59
HT187TM346,QZDLKKC,QZDLKKC,31
AN106VMB9Z,2DRM7RA,2DRM7RA,30
FF3610NQ0W,UPNOGKC,UPNOGKC,16
BS508XXHRD,TB77WFB,TB77WFB,19
EU290A8ENU,42KK5ZM,42KK5ZM,82
ES187TFWQ2,NQ7SVYU,NQ7SVYU,41
JZ187GWLN4,WLLDTE0,WLLDTE0,82
JW592Q3SL6,3N4MOOG,3N4MOOG,62
FH43868JVJ,WJRCK01,WJRCK01,38
SU2488GBJT,9DPMC4A,9DPMC4A,25
ML469SF2K2,D3KHRLI,D3KHRLI,9
PL3630RQA1,OT1YG46,OT1YG46,59
GK022DF4QW,X3QR966,X3QR966,20
TT307O6LI0,TU2DBGD,TU2DBGD,1
CO124ZSD0O,05F08SV,05F08SV,70
FC438KLT2J,VQA11SA,VQA11SA,38
HP871D4F83,KQWOKA6,KQWOKA6,11
ZD552B4JBM,A1WRCUM,A1WRCUM,52
OJ2250C54Q,9Y9MDJE,9Y9MDJE,1
OI8633SWUT,ZMG8YGY,ZMG8YGY,71
DT520ZOXYB,PFKWZ2V,PFKWZ2V,9
RG598ASDO7,AK2HFP6,AK2HFP6,87
DH031YQ31Y,3DU0CCQ,3DU0CCQ,44
XW73487FO8,CWMEHHR,CWMEHHR,43
WR515MRIQX,ZL9E7NJ,ZL9E7NJ,17
DW699P5QVC,RGW74QS,RGW74QS,69
AJ650FB45L,VSC0NSG,VSC0NSG,79
TR723MA1YJ,9K0NGOV,9K0NGOV,4
GM908GVWQ5,OJMME67,OJMME67,100
WM417NWVWW,SVK0P90,SVK0P90,83
YQ530V4QMY,8H89BFU,8H89BFU,64
MG684CDYQL,9VPMQT8,9VPMQT8,7
SD943E74A0,AWT9382,AWT9382,29
QX118174TB,KOPRBKQ,KOPRBKQ,82
FI450JPZCV,233UKMR,233UKMR,12
HE967K2P62,U4JHZ6O,U4JHZ6O,9
UC95605J9C,7NZ7G72,7NZ7G72,11
JU321C82FC,NV8C8I1,NV8C8I1,79
ET674G0JJH,XLQ9CBH,XLQ9CBH,59
QW9998X5WK,9WKI0YR,9WKI0YR,61
TK143QJ0LV,7XKPT0Q,7XKPT0Q,22
UA700ZHN5F,MYNGP44,MYNGP44,16
TR202OHRJ8,58DKU8X,58DKU8X,47
RY8076ADQX,CZJ4XZ4,CZJ4XZ4,7
ZF254JDBWA,NVVWIUF,NVVWIUF,7
HT187TM346,JACIKFP,JACIKFP,45
AN106VMB9Z,5N7IVF9,5N7IVF9,37
FF3610NQ0W,0D8DXNZ,0D8DXNZ,19
BS508XXHRD,AXDZ7BM,AXDZ7BM,35
EU290A8ENU,B2DL31V,B2DL31V,11
ES187TFWQ2,3V36P89,3V36P89,79
JZ187GWLN4,RZPHTP7,RZPHTP7,86
JW592Q3SL6,QIK28WM,QIK28WM,68
FH43868JVJ,FNUHRVH,FNUHRVH,34
SU2488GBJT,TOAVVNY,TOAVVNY,88
ML469SF2K2,I6ITS8G,I6ITS8G,86
PL3630RQA1,QH2IJAF,QH2IJAF,40
GK022DF4QW,SRFG9D6,SRFG9D6,29
TT307O6LI0,FNNJNJ0,FNNJNJ0,80
CO124ZSD0O,40OPF3D,40OPF3D,15
FC438KLT2J,3YU8IWM,3YU8IWM,28
HP871D4F83,AOJ0RDG,AOJ0RDG,78
ZD552B4JBM,18EDAJL,18EDAJL,41
OJ2250C54Q,16BFA3R,16BFA3R,68
OI8633SWUT,9CV9EK0,9CV9EK0,81
DT520ZOXYB,T22RXUH,T22RXUH,33
RG598ASDO7,1Z1M9NK,1Z1M9NK,94
DH031YQ31Y,LWGNS5S,LWGNS5S,6
XW73487FO8,0BOHNAR,0BOHNAR,9
WR515MRIQX,T6NDHFV,T6NDHFV,34
DW699P5QVC,K7FHPZR,K7FHPZR,33
AJ650FB45L,WTKQUVE,WTKQUVE,94
TR723MA1YJ,4TNOZA0,4TNOZA0,48
GM908GVWQ5,ASDPGQH,ASDPGQH,56
WM417NWVWW,ATRH18O,ATRH18O,69
YQ530V4QMY,8IBUM4V,8IBUM4V,94
MG684CDYQL,1ZKQJAY,1ZKQJAY,82
SD943E74A0,3PUVCDA,3PUVCDA,1
QX118174TB,L98P75C,L98P75C,11
FI450JPZCV,69GMZPH,69GMZPH,30
HE967K2P62,TQOWRSR,TQOWRSR,0
UC95605J9C,CF6M8F0,CF6M8F0,2
JU321C82FC,CNO2V6N,CNO2V6N,41
ET674G0JJH,7EUMK4V,7EUMK4V,57
QW9998X5WK,VI601GJ,VI601GJ,33
TK143QJ0LV,UKGO1ZT,UKGO1ZT,66
UA700ZHN5F,T4TTRS9,T4TTRS9,38
TR202OHRJ8,AGCJY1E,AGCJY1E,59
RY8076ADQX,PCBABEE,PCBABEE,66
ZF254JDBWA,21LL2V6,21LL2V6,42
HT187TM346,X5RZWQZ,X5RZWQZ,4
AN106VMB9Z,KY4GIB9,KY4GIB9,70
FF3610NQ0W,HNWXEX3,HNWXEX3,14
BS508XXHRD,G5SMSQW,G5SMSQW,25
EU290A8ENU,98D3DFC,98D3DFC,73
ES187TFWQ2,EY1EI88,EY1EI88,63
JZ187GWLN4,XO6QOS2,XO6QOS2,63
JW592Q3SL6,5AMIZ86,5AMIZ86,6
FH43868JVJ,XTP9P5C,XTP9P5C,11
SU2488GBJT,D1J3JZH,D1J3JZH,28
ML469SF2K2,UKRXP99,UKRXP99,41
PL3630RQA1,NTPE8VM,NTPE8VM,19
GK022DF4QW,61Y1BQD,61Y1BQD,15
TT307O6LI0,Q70ERMC,Q70ERMC,49
CO124ZSD0O,TOU5510,TOU5510,82
FC438KLT2J,OLAMSW6,OLAMSW6,48
HP871D4F83,OO79H1V,OO79H1V,6
ZD552B4JBM,T0ZTFCT,T0ZTFCT,90
OJ2250C54Q,L1F92VS,L1F92VS,57
OI8633SWUT,MPK8J3J,MPK8J3J,71
DT520ZOXYB,ZYUQ13B,ZYUQ13B,87
RG598ASDO7,9MD2FHN,9MD2FHN,22
DH031YQ31Y,R6ZUKZU,R6ZUKZU,42
XW73487FO8,RR5TSJB,RR5TSJB,52
WR515MRIQX,EFUUDIL,EFUUDIL,81
DW699P5QVC,A9J6P9V,A9J6P9V,27
AJ650FB45L,S2O2NBJ,S2O2NBJ,77
TR723MA1YJ,I1VDLBP,I1VDLBP,46
GM908GVWQ5,W8OLI8N,W8OLI8N,52
WM417NWVWW,PV6ZZBG,PV6ZZBG,51
YQ530V4QMY,L8UEJLT,L8UEJLT,41
MG684CDYQL,SY50QRG,SY50QRG,52
SD943E74A0,D6EF5R2,D6EF5R2,31
QX118174TB,80WVN2H,80WVN2H,43
FI450JPZCV,2R5CEQ1,2R5CEQ1,22
HE967K2P62,I6HASCE,I6HASCE,9
UC95605J9C,CG4PWCR,CG4PWCR,8
JU321C82FC,F5EC6S9,F5EC6S9,51
ET674G0JJH,S5PYFHU,S5PYFHU,83
QW9998X5WK,FC486ZT,FC486ZT,55
TK143QJ0LV,P9B9V12,P9B9V12,65
UA700ZHN5F,PUC5CD4,PUC5CD4,2
TR202OHRJ8,NOTQET1,NOTQET1,25
RY8076ADQX,6R9WGUM,6R9WGUM,26
ZF254JDBWA,LAJ58SI,LAJ58SI,22
HT187TM346,V7Q13C5,V7Q13C5,68
AN106VMB9Z,2RJVOZM,2RJVOZM,100
FF3610NQ0W,UT4YHY5,UT4YHY5,95
BS508XXHRD,9SAJLEY,9SAJLEY,84
EU290A8ENU,NVA5EB1,NVA5EB1,54
ES187TFWQ2,XEQOG42,XEQOG42,45
JZ187GWLN4,GYVQV1M,GYVQV1M,7
JW592Q3SL6,16FD9H2,16FD9H2,22
FH43868JVJ,VYE5OFB,VYE5OFB,9
SU2488GBJT,9FA6N3X,9FA6N3X,51
ML469SF2K2,2VTE45M,2VTE45M,83
PL3630RQA1,9JHY25Q,9JHY25Q,47
GK022DF4QW,67XIA2X,67XIA2X,76
TT307O6LI0,T9FQNYE,T9FQNYE,15
CO124ZSD0O,ZPSQ3T1,ZPSQ3T1,27
FC438KLT2J,9CJ2O4U,9CJ2O4U,44
HP871D4F83,AKSOFLS,AKSOFLS,100
ZD552B4JBM,OS6REGC,OS6REGC,91
OJ2250C54Q,2PRGDZC,2PRGDZC,65
OI8633SWUT,7H4UX0F,7H4UX0F,1
DT520ZOXYB,LQ9FU5D,LQ9FU5D,89
RG598ASDO7,D9TZZS7,D9TZZS7,72
DH031YQ31Y,CKF5V92,CKF5V92,22
XW73487FO8,YAP84E9,YAP84E9,61
WR515MRIQX,PKUNH6O,PKUNH6O,86
DW699P5QVC,D1NB7IQ,D1NB7IQ,25
AJ650FB45L,BFKZNQE,BFKZNQE,2
TR723MA1YJ,QNSV072,QNSV072,60
GM908GVWQ5,G1N31TF,G1N31TF,5
WM417NWVWW,X44E1SS,X44E1SS,12
YQ530V4QMY,4FMT1MG,4FMT1MG,41
MG684CDYQL,SXI7GIH,SXI7GIH,49
SD943E74A0,UUO28Q2,UUO28Q2,44
QX118174TB,ZNPBMYT,ZNPBMYT,53
FI450JPZCV,1RVV0JG,1RVV0JG,99
HE967K2P62,J1FFH8E,J1FFH8E,47
UC95605J9C,PIUZ671,PIUZ671,42
JU321C82FC,5OXX9EF,5OXX9EF,58
ET674G0JJH,650FOV3,650FOV3,53
QW9998X5WK,U1G12XK,U1G12XK,61
TK143QJ0LV,7NZWL8Z,7NZWL8Z,77
UA700ZHN5F,DTBGDCP,DTBGDCP,10
TR202OHRJ8,MH9IQVW,MH9IQVW,42
RY8076ADQX,706LOH2,706LOH2,21
ZF254JDBWA,TAW39WP,TAW39WP,57
HT187TM346,584O6PU,584O6PU,72
AN106VMB9Z,VIO4D1K,VIO4D1K,6
FF3610NQ0W,B590MHU,B590MHU,9
BS508XXHRD,9QNC9XH,9QNC9XH,60
EU290A8ENU,CDW215F,CDW215F,74
ES187TFWQ2,PQYFCCX,PQYFCCX,64
JZ187GWLN4,ZF6DB9D,ZF6DB9D,71
JW592Q3SL6,HP5GAFL,HP5GAFL,98
FH43868JVJ,31JJY10,31JJY10,92
SU2488GBJT,KUVNKQY,KUVNKQY,45
ML469SF2K2,KE3EOEN,KE3EOEN,75
PL3630RQA1,P6UL25I,P6UL25I,23
GK022DF4QW,ZEJ1BLM,ZEJ1BLM,41
TT307O6LI0,QI7ASQJ,QI7ASQJ,23
CO124ZSD0O,IYPBGKJ,IYPBGKJ,96
FC438KLT2J,RBVUSAY,RBVUSAY,71
HP871D4F83,EOJMANM,EOJMANM,36
ZD552B4JBM,QTXT0EQ,QTXT0EQ,97
OJ2250C54Q,TI0YG0S,TI0YG0S,91
OI8633SWUT,ZNSC7CP,ZNSC7CP,57
DT520ZOXYB,686CI6M,686CI6M,17
RG598ASDO7,0MIDDS8,0MIDDS8,95
DH031YQ31Y,9ST80IY,9ST80IY,20
XW73487FO8,IXE7OQS,IXE7OQS,62
WR515MRIQX,63ZQXBU,63ZQXBU,1
DW699P5QVC,C6KZDTB,C6KZDTB,6
AJ650FB45L,LTKXU9M,LTKXU9M,74
TR723MA1YJ,UUZRA9N,UUZRA9N,5
GM908GVWQ5,VDX0SY6,VDX0SY6,32
WM417NWVWW,BK87UQF,BK87UQF,89
YQ530V4QMY,PTQW50W,PTQW50W,67
MG684CDYQL,J7KFFAN,J7KFFAN,34
SD943E74A0,OL6LQ28,OL6LQ28,57
QX118174TB,5EF7T4E,5EF7T4E,86
FI450JPZCV,L1J6OQH,L1J6OQH,44
HE967K2P62,NIXATV8,NIXATV8,37
UC95605J9C,GISTO66,GISTO66,23
JU321C82FC,7G3X5B7,7G3X5B7,40
ET674G0JJH,R4P85VL,R4P85VL,96
QW9998X5WK,CYTG0B3,CYTG0B3,35
TK143QJ0LV,2BAFKZ7,2BAFKZ7,65
UA700ZHN5F,1ZI8GXF,1ZI8GXF,14
TR202OHRJ8,O1FTM22,O1FTM22,11
RY8076ADQX,9ZQGO1Q,9ZQGO1Q,84
ZF254JDBWA,NPSFG3U,NPSFG3U,95
HT187TM346,EV4UYNY,EV4UYNY,9
AN106VMB9Z,W4HKMV1,W4HKMV1,68
FF3610NQ0W,2JAL5QK,2JAL5QK,51
BS508XXHRD,OAF6X8A,OAF6X8A,5
EU290A8ENU,4YMXXSU,4YMXXSU,18
ES187TFWQ2,Z44V2QW,Z44V2QW,85
JZ187GWLN4,33PP1D3,33PP1D3,77
JW592Q3SL6,K9039QY,K9039QY,97
FH43868JVJ,J5LLECQ,J5LLECQ,83
SU2488GBJT,7EV3GJ4,7EV3GJ4,75
ML469SF2K2,YN2LP8G,YN2LP8G,12
PL3630RQA1,YG8GZ4X,YG8GZ4X,62
GK022DF4QW,R721OY0,R721OY0,15
TT307O6LI0,91SW0E1,91SW0E1,40
CO124ZSD0O,U5DD9WQ,U5DD9WQ,58
FC438KLT2J,QIZNGJS,QIZNGJS,24
HP871D4F83,8KSZC3H,8KSZC3H,40
ZD552B4JBM,EQDF3MW,EQDF3MW,51
OJ2250C54Q,GXHEHCD,GXHEHCD,42
OI8633SWUT,XMDWIKH,XMDWIKH,94
DT520ZOXYB,S7RR3EX,S7RR3EX,53
RG598ASDO7,J01ZVTR,J01ZVTR,91
DH031YQ31Y,W1PNBDL,W1PNBDL,66
XW73487FO8,KHAXZG3,KHAXZG3,79
WR515MRIQX,RENE586,RENE586,31
DW699P5QVC,YCB94KU,YCB94KU,57
AJ650FB45L,I80RF6T,I80RF6T,54
TR723MA1YJ,WLI8EQ1,WLI8EQ1,55
GM908GVWQ5,840ITUS,840ITUS,49
WM417NWVWW,2O6PXOR,2O6PXOR,20
YQ530V4QMY,IMOKK21,IMOKK21,65
MG684CDYQL,5IOYPXB,5IOYPXB,33
SD943E74A0,4EJVTIX,4EJVTIX,44
QX118174TB,V7MGIZE,V7MGIZE,41
FI450JPZCV,96LXURP,96LXURP,13
HE967K2P62,BZ7BV64,BZ7BV64,86
UC95605J9C,BFSFSXU,BFSFSXU,53
JU321C82FC,CH9PL9M,CH9PL9M,25
ET674G0JJH,8MX6ZGC,8MX6ZGC,94
QW9998X5WK,59G8LO3,59G8LO3,68
TK143QJ0LV,MTAZN7V,MTAZN7V,14
UA700ZHN5F,X367BX4,X367BX4,24
TR202OHRJ8,78YU7ON,78YU7ON,79
RY8076ADQX,L6PD8NP,L6PD8NP,4
ZF254JDBWA,K7WDEJG,K7WDEJG,83
HT187TM346,NZD0DE6,NZD0DE6,78
AN106VMB9Z,OH545OD,OH545OD,82
FF3610NQ0W,Q74EXEH,Q74EXEH,78
BS508XXHRD,S9R1PLE,S9R1PLE,54
EU290A8ENU,UVA91J0,UVA91J0,79
ES187TFWQ2,ARJ9BTW,ARJ9BTW,44
JZ187GWLN4,SD7P1M8,SD7P1M8,25
JW592Q3SL6,8SOZH2I,8SOZH2I,69
FH43868JVJ,GOUUSBE,GOUUSBE,17
SU2488GBJT,Z9DE58X,Z9DE58X,89
ML469SF2K2,BGW3VPB,BGW3VPB,47
PL3630RQA1,ILA68CY,ILA68CY,100
GK022DF4QW,LDZG0RP,LDZG0RP,98
TT307O6LI0,SY3GHGZ,SY3GHGZ,94
CO124ZSD0O,R4XAQV3,R4XAQV3,2
FC438KLT2J,D6R4VDS,D6R4VDS,29
HP871D4F83,0SIPRLO,0SIPRLO,57
ZD552B4JBM,35LY3B0,35LY3B0,92
OJ2250C54Q,QPCPYKL,QPCPYKL,50
OI8633SWUT,KK55NVQ,KK55NVQ,99
DT520ZOXYB,4D55RE5,4D55RE5,85
RG598ASDO7,3D0ZGAP,3D0ZGAP,97
DH031YQ31Y,J7DYQL0,J7DYQL0,94
XW73487FO8,0F9BB41,0F9BB41,1
WR515MRIQX,L8PVL8M,L8PVL8M,13
DW699P5QVC,R4RWMR1,R4RWMR1,96
AJ650FB45L,UGLIL78,UGLIL78,67
TR723MA1YJ,1QIJP7A,1QIJP7A,64
GM908GVWQ5,WTK0Q58,WTK0Q58,2
WM417NWVWW,NHOGRNR,NHOGRNR,21
YQ530V4QMY,R7P9DOQ,R7P9DOQ,28
MG684CDYQL,57AWNYN,57AWNYN,88
SD943E74A0,Z2MGFQT,Z2MGFQT,45
QX118174TB,H7O2NIU,H7O2NIU,24
FI450JPZCV,HY6SY2I,HY6SY2I,40
HE967K2P62,17M6M4W,17M6M4W,63
UC95605J9C,ULJQY9R,ULJQY9R,34
JU321C82FC,8CRLWO3,8CRLWO3,33
ET674G0JJH,KB8XT2N,KB8XT2N,85
QW9998X5WK,RUSGL8V,RUSGL8V,18
ID789KWZ0Y,UFP6AGO,UFP6AGO,58
HW991WJL7F,VNABJC0,VNABJC0,48
DN461YHLB3,4ROE0MY,4ROE0MY,6
WD84045RY5,XTRQIKT,XTRQIKT,88
YV401RBLIV,IFUCNWN,IFUCNWN,60
CM8676IOLV,J1OKT8P,J1OKT8P,3
QB1164GSNA,00Q8DQF,00Q8DQF,61
HC267PP39I,2JGRNZU,2JGRNZU,55
CQ728WN8IA,8D51RID,8D51RID,70
OZ317B65IR,TYRIUN5,TYRIUN5,16
PF066W68EV,NEJOE9K,NEJOE9K,64
ZX379Y4EFS,571KNL9,571KNL9,68
QN363KMOZL,WO6UNOE,WO6UNOE,11
SC827Z8CCC,WCOJTKH,WCOJTKH,56
ZI907QVAXW,J0IFANM,J0IFANM,73
MX173IQHAK,C9O5LIV,C9O5LIV,15
MW8402HQBF,NANU7KA,NANU7KA,45
YB461PZSHO,NTTPGVE,NTTPGVE,91
RR7669RZHO,RN68KBE,RN68KBE,68
TF7133BDWI,CM91R8D,CM91R8D,64
SO715NUEBE,2TZIYHS,2TZIYHS,15
AE370XJTO6,6NFFOMF,6NFFOMF,59
YE8162IPNQ,TKTM50Y,TKTM50Y,65
VW9997G749,RVD3YIX,RVD3YIX,62
PU903Z0IKE,FBI5B5G,FBI5B5G,57
XX934358Z1,44RJJ2B,44RJJ2B,68
KI037SUK4W,DM9OYCM,DM9OYCM,55
AY956QCMIP,QMUGEWG,QMUGEWG,18
EK529QLPZ5,RJQHJT4,RJQHJT4,38
HZ97225IIJ,QHCXNKV,QHCXNKV,61
NM1680AACN,WK5BUAR,WK5BUAR,63
SD292L8LS3,J6F8YIR,J6F8YIR,99
IO653QF8SB,QIPE84I,QIPE84I,74
QV284F8GIC,HZ5NE8A,HZ5NE8A,22
OC585W9D84,DGWMXJ9,DGWMXJ9,67
LL091ATGMR,F930OAW,F930OAW,79
UR747UXNUW,XY1WQ6N,XY1WQ6N,21
EI3293D0FU,2T2SQ7A,2T2SQ7A,55
VQ561U75SV,819SRC1,819SRC1,91
TF297QMMMQ,MHU5RYB,MHU5RYB,84
TH529NC6LZ,BUQ5A9A,BUQ5A9A,57
TE151W98P3,7TY7U5A,7TY7U5A,25
KZ290PQILX,147EFSQ,147EFSQ,54
YT562ONJJU,DS7KVSN,DS7KVSN,53
OC581U5LLW,CDKFOM5,CDKFOM5,27
UD35166Y5H,UD4XYY4,UD4XYY4,86
EZ701Z5IE4,RXYJT63,RXYJT63,43
XS587R8I53,DLZ1AA4,DLZ1AA4,98
WT6055IQYF,HC5QSB1,HC5QSB1,14
NP409G7T15,OGD0WH6,OGD0WH6,40
ZA711UPXQB,HBAL1KF,HBAL1KF,43
EQ141CID4D,0QTJY8X,0QTJY8X,47
DO240TGBO5,0JJHOQ7,0JJHOQ7,68
PB0421WBIP,32E0KHW,32E0KHW,2
RE410HA06V,SA2HQYO,SA2HQYO,66
TW391QL8EW,0EL15PB,0EL15PB,12
WH2305KAI0,74IL1HQ,74IL1HQ,29
QK16402Z38,W8GNNV1,W8GNNV1,81
FX536A83P7,H0A1PTH,H0A1PTH,53
KU936DJAU1,V75N129,V75N129,84
YT94584WKQ,OEAKN59,OEAKN59,68
IB285R9215,ELNTHE2,ELNTHE2,57
VW1614J2FC,B85BZNL,B85BZNL,22
LP763E05SL,CH4C93X,CH4C93X,98
TQ54337K6U,RK9BCNS,RK9BCNS,26
XA229T67OW,AR6XS1Z,AR6XS1Z,70
GZ537GBWGF,L0LKTZJ,L0LKTZJ,84
TW7081YXFC,PRWI0MZ,PRWI0MZ,100
RT1878LUCT,I4YNLL6,I4YNLL6,82
XY147VW105,KPB6R8B,KPB6R8B,48
HF058V4OHJ,CLCFGKP,CLCFGKP,78
FF786NFBKQ,YK7TBPH,YK7TBPH,10
LV045GJH8R,CFLT5TY,CFLT5TY,4
SI402Z20YP,L29QOFJ,L29QOFJ,52
CN936IN00V,N9DXMNR,N9DXMNR,68
CV023K1H0C,NE6G9T0,NE6G9T0,76
QK087ASHZR,D8EWSZA,D8EWSZA,79
HV510WY4FL,UEB3SSD,UEB3SSD,58
PV279IIHEN,Q0CEDY6,Q0CEDY6,59
ZI902K0R6A,Z7GWQW1,Z7GWQW1,84
XQ499IH2LJ,Y1CLWE0,Y1CLWE0,80
VO808TKLJN,Z55PJUQ,Z55PJUQ,37
JS447S4240,SRGJE56,SRGJE56,100
KT5649IX0K,GFPCHJF,GFPCHJF,32
HW8669ZL26,7HB4RBQ,7HB4RBQ,37
OF8838RXU6,6DG2V6H,6DG2V6H,9
HB61332REX,L8GDH98,L8GDH98,46
ET741BRX0E,XIDRCX9,XIDRCX9,84
AQ3654OA5T,G2QR6CC,G2QR6CC,45
PX7605QFQO,ZRI0EC1,ZRI0EC1,75
WV659L4OI2,BO2JRD0,BO2JRD0,6
WC0434KYW0,QM7V152,QM7V152,4
OY783V5VB2,KM8HE1Q,KM8HE1Q,47
GY17140GPM,ZCJ8UNI,ZCJ8UNI,9
NO337M6DEL,1MWVVP6,1MWVVP6,89
PC136RG01I,8E4MPSP,8E4MPSP,43
LN62733J9V,ZE4DBMU,ZE4DBMU,15
NY68897M4S,W3TJETR,W3TJETR,73
OW0918ZKFP,FWN8ME5,FWN8ME5,3
BW916GA7P8,OJYVM7T,OJYVM7T,16
DG117M7VGH,V6R4MUO,V6R4MUO,36
XA4282IZJI,PBOFRZN,PBOFRZN,35
GM300MOOBK,A4OFLJK,A4OFLJK,78
TU742ZI5X9,4AXFS53,4AXFS53,30
QM499YIS2Z,2ENW7I8,2ENW7I8,30
HH003HH20Q,6EFYO8X,6EFYO8X,21
AY716PAQUF,9UA4EPL,9UA4EPL,76
HI3761FZQK,TUZR8CF,TUZR8CF,100
MS833OCH3X,XWWDBFY,XWWDBFY,10
JW707OFWLP,G1W0U02,G1W0U02,23
DQ958PRZ6A,XRE8ABF,XRE8ABF,39
JM823IX0MZ,GIUTHTF,GIUTHTF,42
TD103R0KAU,96XTRXB,96XTRXB,74
SW8825VFOO,F4RMS52,F4RMS52,36
DY819J4N02,8HQEG5V,8HQEG5V,9
GQ026Q0UJU,BM862FK,BM862FK,18
XO226L7SPT,PIP9QBB,PIP9QBB,55
ZR2952M3EF,IPOUI8O,IPOUI8O,33
MU91389WAA,U8CXZLG,U8CXZLG,38
JC602Y6DNV,P37D8O9,P37D8O9,13
PI973JI7N2,S9NK169,S9NK169,9
TY961I7KT0,TA8M2PQ,TA8M2PQ,22
ZR753IZGAQ,SEFGSAX,SEFGSAX,13
GT996UH6O3,DHJ5C4C,DHJ5C4C,48
HX211RTZ1N,38CAAE6,38CAAE6,97
LP825S8YPF,KCZJNVY,KCZJNVY,86
QF725RP85F,W68CMC6,W68CMC6,20
AJ872NTCY9,GENDW7D,GENDW7D,8
RT503J7TTC,X4YS2XG,X4YS2XG,1
YO113PZZXJ,Y63ILXL,Y63ILXL,76
SV498JNP9L,NH9RFLC,NH9RFLC,40
NE275JOINQ,WCCTPTL,WCCTPTL,78
JB326U2NS5,27W7WDI,27W7WDI,19
PC749PGY7S,L1S9WSK,L1S9WSK,12
BC766JEI7N,TTKQW9S,TTKQW9S,21
ID789KWZ0Y,IO8M2OS,IO8M2OS,84
HW991WJL7F,691MWQY,691MWQY,26
DN461YHLB3,DBNLDVJ,DBNLDVJ,70
WD84045RY5,7AUJLOE,7AUJLOE,90
YV401RBLIV,LNUAWS0,LNUAWS0,26
CM8676IOLV,K0VKVCM,K0VKVCM,34
QB1164GSNA,EE5HWOD,EE5HWOD,33
HC267PP39I,XK6B3PG,XK6B3PG,60
CQ728WN8IA,WEPPU3L,WEPPU3L,38
OZ317B65IR,9FKZK2E,9FKZK2E,75
PF066W68EV,OCBNBJ1,OCBNBJ1,91
ZX379Y4EFS,SL57SVO,SL57SVO,35
QN363KMOZL,PL5Q0YW,PL5Q0YW,7
SC827Z8CCC,0VQWLN9,0VQWLN9,10
ZI907QVAXW,U307NGZ,U307NGZ,21
MX173IQHAK,ETNWNW7,ETNWNW7,25
MW8402HQBF,95NSGU9,95NSGU9,79
YB461PZSHO,GJGBCEC,GJGBCEC,63
RR7669RZHO,NR48XYR,NR48XYR,5
TF7133BDWI,Z1VNMTK,Z1VNMTK,10
SO715NUEBE,BPVEU55,BPVEU55,29
AE370XJTO6,F6P94DX,F6P94DX,69
YE8162IPNQ,XCMPUYS,XCMPUYS,73
VW9997G749,492RFDB,492RFDB,49
PU903Z0IKE,3ASGN0H,3ASGN0H,1
XX934358Z1,H3DQ7T9,H3DQ7T9,87
KI037SUK4W,0ZES9BJ,0ZES9BJ,8
AY956QCMIP,90FZ0JR,90FZ0JR,79
EK529QLPZ5,BLQ8V8O,BLQ8V8O,93
HZ97225IIJ,XFXYYR6,XFXYYR6,90
NM1680AACN,SKNG9QP,SKNG9QP,71
SD292L8LS3,VB5VQBZ,VB5VQBZ,76
IO653QF8SB,6IR7GGV,6IR7GGV,10
QV284F8GIC,32MOUU1,32MOUU1,71
OC585W9D84,YWCM6I3,YWCM6I3,32
LL091ATGMR,CRUDX5H,CRUDX5H,74
UR747UXNUW,JBPCGNN,JBPCGNN,92
EI3293D0FU,RL5YF70,RL5YF70,1
VQ561U75SV,9G9XC7V,9G9XC7V,41
TF297QMMMQ,288N9DX,288N9DX,57
TH529NC6LZ,2W180FC,2W180FC,16
TE151W98P3,0UVP949,0UVP949,49
KZ290PQILX,24XDHTQ,24XDHTQ,78
YT562ONJJU,QHB4903,QHB4903,26
OC581U5LLW,BADL7RB,BADL7RB,15
UD35166Y5H,BA7RGVF,BA7RGVF,26
EZ701Z5IE4,S2JLMLP,S2JLMLP,70
XS587R8I53,FGDGJX4,FGDGJX4,86
WT6055IQYF,ER0X2PI,ER0X2PI,3
NP409G7T15,5BDYALM,5BDYALM,65
ZA711UPXQB,6SDAKHU,6SDAKHU,11
EQ141CID4D,G246H6E,G246H6E,58
DO240TGBO5,2X99KDN,2X99KDN,69
PB0421WBIP,W1SFQVD,W1SFQVD,27
RE410HA06V,33DR4PI,33DR4PI,23
TW391QL8EW,T9BMRZS,T9BMRZS,66
WH2305KAI0,YTCHS7G,YTCHS7G,75
QK16402Z38,SZU9U5C,SZU9U5C,98
FX536A83P7,CAZSOY4,CAZSOY4,78
KU936DJAU1,GOHB8NG,GOHB8NG,14
YT94584WKQ,V6OA30N,V6OA30N,94
IB285R9215,48ND9VR,48ND9VR,77
VW1614J2FC,DRL1BU4,DRL1BU4,27
LP763E05SL,SYV7HVG,SYV7HVG,71
TQ54337K6U,ULZ7RGE,ULZ7RGE,22
XA229T67OW,UHAVZ08,UHAVZ08,90
GZ537GBWGF,DJWN8YU,DJWN8YU,37
TW7081YXFC,NDAWHZR,NDAWHZR,91
RT1878LUCT,SODYLI9,SODYLI9,54
XY147VW105,T7ZMEM7,T7ZMEM7,10
HF058V4OHJ,HSRP2ZE,HSRP2ZE,66
FF786NFBKQ,TRQENEF,TRQENEF,3
LV045GJH8R,8OQDEUG,8OQDEUG,39
SI402Z20YP,HQLMQTR,HQLMQTR,81
CN936IN00V,4FRE6ZB,4FRE6ZB,80
CV023K1H0C,CG5RG04,CG5RG04,3
QK087ASHZR,T2PXLLE,T2PXLLE,52
HV510WY4FL,PGRN66Z,PGRN66Z,34
PV279IIHEN,YEQ7BP9,YEQ7BP9,5
ZI902K0R6A,7MWQKQL,7MWQKQL,11
XQ499IH2LJ,D15ANEO,D15ANEO,51
VO808TKLJN,EOODVKO,EOODVKO,34
JS447S4240,D8DLDXR,D8DLDXR,75
KT5649IX0K,HLGTMOF,HLGTMOF,97
HW8669ZL26,GYHGIYE,GYHGIYE,14
OF8838RXU6,ELVJQ9P,ELVJQ9P,66
HB61332REX,TS957J0,TS957J0,45
ET741BRX0E,JIUWQMR,JIUWQMR,89
AQ3654OA5T,SOOSTY3,SOOSTY3,47
PX7605QFQO,Z8ABS9C,Z8ABS9C,6
WV659L4OI2,E6X10SH,E6X10SH,46
WC0434KYW0,DXYACM4,DXYACM4,44
OY783V5VB2,4UQ52GO,4UQ52GO,97
GY17140GPM,P6UT0D1,P6UT0D1,49
NO337M6DEL,HH18XM2,HH18XM2,69
PC136RG01I,IOTTTJ5,IOTTTJ5,57
LN62733J9V,ZIVFG3K,ZIVFG3K,59
NY68897M4S,RXF86XP,RXF86XP,67
OW0918ZKFP,G9EDV6K,G9EDV6K,8
BW916GA7P8,S9HVGXP,S9HVGXP,19
DG117M7VGH,8639YC3,8639YC3,13
XA4282IZJI,3CDP7UT,3CDP7UT,65
GM300MOOBK,06OUFGB,06OUFGB,37
TU742ZI5X9,BHRICY1,BHRICY1,54
QM499YIS2Z,LJCF433,LJCF433,69
HH003HH20Q,VGG1NMK,VGG1NMK,57
AY716PAQUF,5JWB2KW,5JWB2KW,13
HI3761FZQK,CUFTTU6,CUFTTU6,84
MS833OCH3X,4PWVA1H,4PWVA1H,47
JW707OFWLP,AMCQOXS,AMCQOXS,56
DQ958PRZ6A,GSLXCE1,GSLXCE1,31
JM823IX0MZ,HU7B1C1,HU7B1C1,23
TD103R0KAU,XI1QTKE,XI1QTKE,94
SW8825VFOO,LX3NBM2,LX3NBM2,30
DY819J4N02,GJVHRRT,GJVHRRT,76
GQ026Q0UJU,IQQPCY9,IQQPCY9,6
XO226L7SPT,M6FCY6S,M6FCY6S,77
ZR2952M3EF,DT2538O,DT2538O,65
MU91389WAA,OAF643V,OAF643V,98
JC602Y6DNV,82TUKEJ,82TUKEJ,54
PI973JI7N2,MVZQGPX,MVZQGPX,7
TY961I7KT0,K4XGO8R,K4XGO8R,28
ZR753IZGAQ,G7L63RX,G7L63RX,60
GT996UH6O3,DB0CM6Q,DB0CM6Q,64
HX211RTZ1N,M45Q5UJ,M45Q5UJ,72
LP825S8YPF,5Y6BEWO,5Y6BEWO,84
QF725RP85F,0F1CRDC,0F1CRDC,9
AJ872NTCY9,0IB13PB,0IB13PB,67
RT503J7TTC,Z1OXWZ0,Z1OXWZ0,62
YO113PZZXJ,N1W6GEY,N1W6GEY,47
SV498JNP9L,FCVD5I7,FCVD5I7,8
NE275JOINQ,PNNBP3L,PNNBP3L,51
JB326U2NS5,DNPSSQW,DNPSSQW,69
PC749PGY7S,0DCVJ10,0DCVJ10,52
BC766JEI7N,RQMXL01,RQMXL01,84
ID789KWZ0Y,0IW857T,0IW857T,13
HW991WJL7F,S8AGPHQ,S8AGPHQ,72
DN461YHLB3,3SQ2S40,3SQ2S40,20
WD84045RY5,BCMJKQ0,BCMJKQ0,32
YV401RBLIV,2603VQK,2603VQK,86
CM8676IOLV,ZEL4AIP,ZEL4AIP,52
QB1164GSNA,V0SMC40,V0SMC40,59
HC267PP39I,AG8M7IU,AG8M7IU,69
CQ728WN8IA,6R1Z6F1,6R1Z6F1,64
OZ317B65IR,M91XP35,M91XP35,63
PF066W68EV,ZHNTSBX,ZHNTSBX,24
ZX379Y4EFS,FUW6KGW,FUW6KGW,7
QN363KMOZL,VMQ666V,VMQ666V,12
SC827Z8CCC,TL2RK5C,TL2RK5C,25
ZI907QVAXW,I3U5NGM,I3U5NGM,53
MX173IQHAK,RW7B2I3,RW7B2I3,65
MW8402HQBF,4GHMEXU,4GHMEXU,74
YB461PZSHO,NYFGQMH,NYFGQMH,35
RR7669RZHO,VAIXAZF,VAIXAZF,3
TF7133BDWI,HPUU65R,HPUU65R,55
SO715NUEBE,LA81NE2,LA81NE2,42
AE370XJTO6,X7GSVVL,X7GSVVL,82
YE8162IPNQ,EJMGDD8,EJMGDD8,14
VW9997G749,XOU33J3,XOU33J3,54
PU903Z0IKE,28OB3LE,28OB3LE,25
XX934358Z1,JW3F2X8,JW3F2X8,70
KI037SUK4W,B7SQNED,B7SQNED,4
AY956QCMIP,90L5R7K,90L5R7K,9
EK529QLPZ5,6ARGDTH,6ARGDTH,95
HZ97225IIJ,LZSTS1I,LZSTS1I,79
NM1680AACN,CS7D0YX,CS7D0YX,29
SD292L8LS3,Z4EASQE,Z4EASQE,94
IO653QF8SB,I7RCY0X,I7RCY0X,26
QV284F8GIC,YA7TLMX,YA7TLMX,54
OC585W9D84,GRYHG8Q,GRYHG8Q,80
LL091ATGMR,GZSX1AO,GZSX1AO,64
UR747UXNUW,WSN208U,WSN208U,72
EI3293D0FU,OHGEDQS,OHGEDQS,19
VQ561U75SV,4BDOHUC,4BDOHUC,17
TF297QMMMQ,3QWLTWZ,3QWLTWZ,9
TH529NC6LZ,YN9FOC1,YN9FOC1,19
TE151W98P3,QR4WZD9,QR4WZD9,45
KZ290PQILX,PI17JUW,PI17JUW,15
YT562ONJJU,IT2LKVQ,IT2LKVQ,47
OC581U5LLW,MQZZRR4,MQZZRR4,97
UD35166Y5H,B2HG8XM,B2HG8XM,1
EZ701Z5IE4,U30PS5G,U30PS5G,33
XS587R8I53,IY9VR2E,IY9VR2E,42
WT6055IQYF,1SR4KMA,1SR4KMA,99
NP409G7T15,19ZTYTT,19ZTYTT,31
ZA711UPXQB,QB7PUEY,QB7PUEY,9
EQ141CID4D,ROSEGG8,ROSEGG8,25
DO240TGBO5,S8OWSOE,S8OWSOE,49
PB0421WBIP,JRVSO8R,JRVSO8R,42
RE410HA06V,GN0CZE8,GN0CZE8,30
TW391QL8EW,TRH2F9U,TRH2F9U,31
WH2305KAI0,QAVIAEZ,QAVIAEZ,23
QK16402Z38,ZZ9L1PI,ZZ9L1PI,38
FX536A83P7,DMTX6BZ,DMTX6BZ,54
KU936DJAU1,2EGYICG,2EGYICG,76
YT94584WKQ,FHD38QR,FHD38QR,85
IB285R9215,RQ3SSD8,RQ3SSD8,48
VW1614J2FC,EZWIPGS,EZWIPGS,41
LP763E05SL,SI17ALA,SI17ALA,41
TQ54337K6U,H9ZP82E,H9ZP82E,57
XA229T67OW,83HR5QU,83HR5QU,84
GZ537GBWGF,HAP9NK6,HAP9NK6,62
TW7081YXFC,FT79ZVS,FT79ZVS,68
RT1878LUCT,36K7PGA,36K7PGA,42
XY147VW105,JKEVRB3,JKEVRB3,26
HF058V4OHJ,LUBXI4Y,LUBXI4Y,63
FF786NFBKQ,NWC8JTO,NWC8JTO,19
LV045GJH8R,SOVSMI1,SOVSMI1,95
SI402Z20YP,61TYF6J,61TYF6J,97
CN936IN00V,QB8YOWJ,QB8YOWJ,99
CV023K1H0C,4UDHEE0,4UDHEE0,69
QK087ASHZR,NEER1C3,NEER1C3,57
HV510WY4FL,M98VB8S,M98VB8S,71
PV279IIHEN,4KLL5HA,4KLL5HA,25
ZI902K0R6A,0GV1L88,0GV1L88,85
XQ499IH2LJ,5CAHO8H,5CAHO8H,41
VO808TKLJN,GGZSYNN,GGZSYNN,80
JS447S4240,YIGBHTZ,YIGBHTZ,90
KT5649IX0K,5K5DFOO,5K5DFOO,63
HW8669ZL26,086AQOV,086AQOV,13
OF8838RXU6,23OJAUW,23OJAUW,42
HB61332REX,CB15FKY,CB15FKY,69
ET741BRX0E,JQUANB7,JQUANB7,66
AQ3654OA5T,E6OF1V7,E6OF1V7,71
PX7605QFQO,DE5ZBX7,DE5ZBX7,85
WV659L4OI2,HF4LRZM,HF4LRZM,7
WC0434KYW0,ZJVCQV4,ZJVCQV4,92
OY783V5VB2,LAC0T26,LAC0T26,54
GY17140GPM,TXS2Z9F,TXS2Z9F,73
NO337M6DEL,PMPY1RU,PMPY1RU,48
PC136RG01I,2GADGDV,2GADGDV,86
LN62733J9V,44MWZIU,44MWZIU,14
NY68897M4S,4M9VWYV,4M9VWYV,89
OW0918ZKFP,ZJT6POP,ZJT6POP,68
BW916GA7P8,7WZBJJN,7WZBJJN,83
DG117M7VGH,N64I7CY,N64I7CY,20
XA4282IZJI,6RQ3W8B,6RQ3W8B,40
GM300MOOBK,9SA5GRO,9SA5GRO,19
TU742ZI5X9,CQSLZJN,CQSLZJN,71
QM499YIS2Z,ZKNHYUQ,ZKNHYUQ,93
HH003HH20Q,5RCFEAN,5RCFEAN,36
AY716PAQUF,J5H2S0H,J5H2S0H,11
HI3761FZQK,OQ2O30Q,OQ2O30Q,59
MS833OCH3X,RJI61OR,RJI61OR,27
JW707OFWLP,EMP4W84,EMP4W84,28
DQ958PRZ6A,9C6EBD0,9C6EBD0,85
JM823IX0MZ,D7F0RJR,D7F0RJR,13
TD103R0KAU,JMUYFQJ,JMUYFQJ,13
SW8825VFOO,TL5A7W8,TL5A7W8,16
DY819J4N02,6J7YG55,6J7YG55,88
GQ026Q0UJU,QYQOGYF,QYQOGYF,61
XO226L7SPT,SVJDMK7,SVJDMK7,69
ZR2952M3EF,N4QSH2R,N4QSH2R,57
MU91389WAA,Q9Y0AYF,Q9Y0AYF,20
JC602Y6DNV,QKOPEWQ,QKOPEWQ,93
PI973JI7N2,VLVH9OT,VLVH9OT,6
TY961I7KT0,1LQVGW4,1LQVGW4,84
ZR753IZGAQ,P7OOHL3,P7OOHL3,61
GT996UH6O3,9AY3FNP,9AY3FNP,32
HX211RTZ1N,HU378CS,HU378CS,82
LP825S8YPF,6GUU85R,6GUU85R,94
QF725RP85F,YUDE4HT,YUDE4HT,0
AJ872NTCY9,UCRFJJT,UCRFJJT,41
RT503J7TTC,AV4EIHF,AV4EIHF,39
YO113PZZXJ,CRBVZRK,CRBVZRK,23
SV498JNP9L,6T44EYH,6T44EYH,80
NE275JOINQ,N63QKZ7,N63QKZ7,92
JB326U2NS5,E4ULMGH,E4ULMGH,11
PC749PGY7S,WBRM2GL,WBRM2GL,14
BC766JEI7N,KUYT1TA,KUYT1TA,92
ID789KWZ0Y,SYCFNT1,SYCFNT1,87
HW991WJL7F,649I366,649I366,75
DN461YHLB3,8WNCHXV,8WNCHXV,87
WD84045RY5,HT14D2Z,HT14D2Z,28
YV401RBLIV,UOUB8R9,UOUB8R9,27
CM8676IOLV,6FAJYZH,6FAJYZH,8
QB1164GSNA,43RIHLN,43RIHLN,71
HC267PP39I,UPBD72J,UPBD72J,81
CQ728WN8IA,13OSX2S,13OSX2S,30
OZ317B65IR,UUFI363,UUFI363,39
PF066W68EV,0RCV4CG,0RCV4CG,15
ZX379Y4EFS,IPN8VB3,IPN8VB3,46
QN363KMOZL,IYD5EFN,IYD5EFN,52
SC827Z8CCC,Z13AEK2,Z13AEK2,66
ZI907QVAXW,1GWJB0J,1GWJB0J,37
MX173IQHAK,XDJELYF,XDJELYF,32
MW8402HQBF,M3P97IB,M3P97IB,59
YB461PZSHO,DT6MQKP,DT6MQKP,93
RR7669RZHO,826HKE8,826HKE8,98
TF7133BDWI,QVXSYTY,QVXSYTY,20
SO715NUEBE,64IZ3PZ,64IZ3PZ,65
AE370XJTO6,BQT5FM6,BQT5FM6,16
YE8162IPNQ,AFDP2U8,AFDP2U8,46
VW9997G749,R9UC5OB,R9UC5OB,78
PU903Z0IKE,TZMCA6F,TZMCA6F,67
XX934358Z1,X8YD45S,X8YD45S,20
KI037SUK4W,GIIGLL4,GIIGLL4,9
AY956QCMIP,CAHNDFI,CAHNDFI,68
EK529QLPZ5,IU5EPFN,IU5EPFN,18
HZ97225IIJ,LRYYB6S,LRYYB6S,30
NM1680AACN,MGHXZDL,MGHXZDL,18
SD292L8LS3,RRANUPH,RRANUPH,31
IO653QF8SB,Z6ZUOH8,Z6ZUOH8,78
QV284F8GIC,8IYN8H6,8IYN8H6,47
OC585W9D84,4X7DMIK,4X7DMIK,3
LL091ATGMR,OP0LPGE,OP0LPGE,19
UR747UXNUW,DJ4NIQ4,DJ4NIQ4,57
EI3293D0FU,83WM68X,83WM68X,28
VQ561U75SV,3OK7UP0,3OK7UP0,38
TF297QMMMQ,SVPCUNO,SVPCUNO,12
TH529NC6LZ,BF8K8VD,BF8K8VD,54
TE151W98P3,TKFGIHP,TKFGIHP,10
KZ290PQILX,ZPY1W0I,ZPY1W0I,2
YT562ONJJU,L0PSSG0,L0PSSG0,6
OC581U5LLW,B8UK6WY,B8UK6WY,74
UD35166Y5H,M1YSXZR,M1YSXZR,66
EZ701Z5IE4,B7XTPAW,B7XTPAW,76
XS587R8I53,W8EE68A,W8EE68A,28
WT6055IQYF,7LJX567,7LJX567,10
NP409G7T15,SXIARWX,SXIARWX,83
ZA711UPXQB,I8J1CUS,I8J1CUS,88
EQ141CID4D,E15XCAJ,E15XCAJ,91
DO240TGBO5,EELBEJY,EELBEJY,92
PB0421WBIP,39MB50Z,39MB50Z,76
RE410HA06V,CP8C831,CP8C831,8
TW391QL8EW,HNFURBO,HNFURBO,22
WH2305KAI0,CL68H6V,CL68H6V,87
QK16402Z38,CLRSBNI,CLRSBNI,11
FX536A83P7,BOA8A09,BOA8A09,55
KU936DJAU1,SQW4DRM,SQW4DRM,5
YT94584WKQ,XRM5BAW,XRM5BAW,59
IB285R9215,50O7AT8,50O7AT8,62
VW1614J2FC,YHI5SWJ,YHI5SWJ,2
LP763E05SL,RCU1UXV,RCU1UXV,4
TQ54337K6U,O70O817,O70O817,46
XA229T67OW,MPSEAME,MPSEAME,55
GZ537GBWGF,RK4S6HU,RK4S6HU,56
TW7081YXFC,AIFFABF,AIFFABF,42
RT1878LUCT,LPQ82HX,LPQ82HX,11
XY147VW105,U7BI5I1,U7BI5I1,11
HF058V4OHJ,SYALPFN,SYALPFN,19
FF786NFBKQ,6FTQIEQ,6FTQIEQ,74
LV045GJH8R,TWM02HX,TWM02HX,2
SI402Z20YP,XJ0L3YG,XJ0L3YG,29
CN936IN00V,BQURN0L,BQURN0L,58
CV023K1H0C,BQ3BH5J,BQ3BH5J,3
QK087ASHZR,V629OK6,V629OK6,77
HV510WY4FL,PBH6R46,PBH6R46,5
PV279IIHEN,7AU6RXJ,7AU6RXJ,36
ZI902K0R6A,9JLHNGU,9JLHNGU,87
XQ499IH2LJ,BPG8ZPK,BPG8ZPK,90
VO808TKLJN,EFRZXAC,EFRZXAC,40
JS447S4240,NS3CVEM,NS3CVEM,67
KT5649IX0K,PS2QDXJ,PS2QDXJ,38
HW8669ZL26,CTL4ESP,CTL4ESP,44
OF8838RXU6,EY4NWGL,EY4NWGL,87
HB61332REX,676FRX3,676FRX3,93
ET741BRX0E,B7L4CBQ,B7L4CBQ,68
AQ3654OA5T,DGTL75S,DGTL75S,68
PX7605QFQO,HASGL0P,HASGL0P,93
WV659L4OI2,HBGHRXH,HBGHRXH,94
WC0434KYW0,DNXQEEX,DNXQEEX,84
OY783V5VB2,L3VSWT2,L3VSWT2,21
GY17140GPM,T1X1AYY,T1X1AYY,54
NO337M6DEL,77Y3QO6,77Y3QO6,49
PC136RG01I,EE2V1BA,EE2V1BA,9
LN62733J9V,23OQ3XR,23OQ3XR,99
NY68897M4S,XKTG49U,XKTG49U,13
OW0918ZKFP,Z3QDDGC,Z3QDDGC,36
BW916GA7P8,Z5NJH3Z,Z5NJH3Z,67
DG117M7VGH,995RRCD,995RRCD,77
XA4282IZJI,VWP3WHC,VWP3WHC,5
GM300MOOBK,1RRUXNO,1RRUXNO,49
TU742ZI5X9,I70ZX94,I70ZX94,88
QM499YIS2Z,RIH777F,RIH777F,59
HH003HH20Q,50PF94Z,50PF94Z,63
AY716PAQUF,J7OMT5K,J7OMT5K,55
HI3761FZQK,3PI6D8D,3PI6D8D,5
MS833OCH3X,0VSFWS7,0VSFWS7,33
JW707OFWLP,1JUDV7W,1JUDV7W,11
DQ958PRZ6A,0WJHQV9,0WJHQV9,31
JM823IX0MZ,309CNLC,309CNLC,73
TD103R0KAU,GZW69L2,GZW69L2,86
SW8825VFOO,FNPW2PV,FNPW2PV,73
DY819J4N02,E21NIMP,E21NIMP,39
GQ026Q0UJU,CDK7QMS,CDK7QMS,80
XO226L7SPT,4X8CAL9,4X8CAL9,36
ZR2952M3EF,NTP1JDA,NTP1JDA,30
MU91389WAA,Y7OXHZ4,Y7OXHZ4,81
JC602Y6DNV,D9LEDU0,D9LEDU0,30
PI973JI7N2,L8ONK6W,L8ONK6W,90
TY961I7KT0,OHA9444,OHA9444,3
ZR753IZGAQ,3FDYVZA,3FDYVZA,71
GT996UH6O3,4CQ4BGD,4CQ4BGD,57
HX211RTZ1N,DVPIBKI,DVPIBKI,14
LP825S8YPF,30RFZV3,30RFZV3,8
QF725RP85F,6QHDB8M,6QHDB8M,7
AJ872NTCY9,JR6RZDR,JR6RZDR,69
RT503J7TTC,I2HS7TD,I2HS7TD,81
YO113PZZXJ,W2WUWWJ,W2WUWWJ,73
SV498JNP9L,8RHW4H8,8RHW4H8,2
NE275JOINQ,K40XEE8,K40XEE8,46
JB326U2NS5,NTT6QYC,NTT6QYC,72
PC749PGY7S,HEPHBLM,HEPHBLM,70
BC766JEI7N,5RYHN69,5RYHN69,85
ID789KWZ0Y,15NFY2J,15NFY2J,14
HW991WJL7F,H9IU22E,H9IU22E,74
DN461YHLB3,G24S10F,G24S10F,75
WD84045RY5,7QSIPEH,7QSIPEH,54
YV401RBLIV,3PXAN1Z,3PXAN1Z,49
CM8676IOLV,YUW6G0P,YUW6G0P,16
QB1164GSNA,7TVVZ9M,7TVVZ9M,100
HC267PP39I,2X1LN60,2X1LN60,88
CQ728WN8IA,TNPVYLW,TNPVYLW,85
OZ317B65IR,ULZK6I7,ULZK6I7,8
PF066W68EV,QOQ5H66,QOQ5H66,34
ZX379Y4EFS,VRMHXNU,VRMHXNU,12
QN363KMOZL,YJHA5M4,YJHA5M4,78
SC827Z8CCC,F65QH0E,F65QH0E,29
ZI907QVAXW,YWMQMRN,YWMQMRN,90
MX173IQHAK,4N72GE1,4N72GE1,75
MW8402HQBF,ZTP3KFY,ZTP3KFY,84
YB461PZSHO,5ZY6396,5ZY6396,99
RR7669RZHO,4PUNUHU,4PUNUHU,39
TF7133BDWI,U3VR6LE,U3VR6LE,51
SO715NUEBE,U4GTUEA,U4GTUEA,96
AE370XJTO6,M4AM97L,M4AM97L,98
YE8162IPNQ,6J27TSN,6J27TSN,65
VW9997G749,39GY6HE,39GY6HE,90
PU903Z0IKE,29NFIRL,29NFIRL,14
XX934358Z1,JZW5L5M,JZW5L5M,82
KI037SUK4W,1HPG7CF,1HPG7CF,87
AY956QCMIP,26CS7YB,26CS7YB,53
EK529QLPZ5,AMG6DYZ,AMG6DYZ,47
HZ97225IIJ,66QAF3F,66QAF3F,66
NM1680AACN,NF1TBO4,NF1TBO4,1
SD292L8LS3,BALUPNH,BALUPNH,20
IO653QF8SB,D1YDTHA,D1YDTHA,56
QV284F8GIC,NUSC90O,NUSC90O,12
OC585W9D84,XMQ3NYH,XMQ3NYH,27
LL091ATGMR,KXSZGOU,KXSZGOU,76
UR747UXNUW,L59B6V9,L59B6V9,38
EI3293D0FU,V4F4CG2,V4F4CG2,34
VQ561U75SV,D9W85YN,D9W85YN,65
TF297QMMMQ,4E0JBBG,4E0JBBG,59
TH529NC6LZ,8HO9Y84,8HO9Y84,58
TE151W98P3,3DN8NWR,3DN8NWR,69
KZ290PQILX,3EGAC49,3EGAC49,56
YT562ONJJU,XTEDSDK,XTEDSDK,33
OC581U5LLW,4N1U4T7,4N1U4T7,57
UD35166Y5H,109FY7X,109FY7X,70
EZ701Z5IE4,LTAJ1HB,LTAJ1HB,42
XS587R8I53,UT7YEMZ,UT7YEMZ,3
WT6055IQYF,DE20OX0,DE20OX0,10
NP409G7T15,22D7HTO,22D7HTO,68
ZA711UPXQB,23VESH0,23VESH0,93
EQ141CID4D,DBHQS5L,DBHQS5L,41
DO240TGBO5,AD8DAN7,AD8DAN7,2
PB0421WBIP,8IV8ZQC,8IV8ZQC,88
RE410HA06V,CFBRCA7,CFBRCA7,56
TW391QL8EW,GKDZNVV,GKDZNVV,87
WH2305KAI0,DJ7RAX9,DJ7RAX9,19
QK16402Z38,NQAD66H,NQAD66H,74
FX536A83P7,DGB2TY4,DGB2TY4,45
KU936DJAU1,DXESA6D,DXESA6D,98
YT94584WKQ,64IH2G1,64IH2G1,18
IB285R9215,MX8UQHW,MX8UQHW,1
VW1614J2FC,FKTRM45,FKTRM45,70
LP763E05SL,Q8TQ2ON,Q8TQ2ON,2
TQ54337K6U,T4DDPN2,T4DDPN2,37
XA229T67OW,BDB5X56,BDB5X56,21
GZ537GBWGF,Q2HVLN6,Q2HVLN6,38
TW7081YXFC,YRAYYIF,YRAYYIF,63
RT1878LUCT,S5OT9E0,S5OT9E0,90
XY147VW105,MX27I4T,MX27I4T,16
HF058V4OHJ,OPRFV32,OPRFV32,76
FF786NFBKQ,7KZR222,7KZR222,78
LV045GJH8R,3N3RX4D,3N3RX4D,0
SI402Z20YP,D59SW5A,D59SW5A,31
CN936IN00V,A7X5XCQ,A7X5XCQ,33
CV023K1H0C,7JNTS7L,7JNTS7L,98
QK087ASHZR,VJPEYM1,VJPEYM1,82
HV510WY4FL,VBRQXWB,VBRQXWB,12
PV279IIHEN,2NZ0C1F,2NZ0C1F,49
ZI902K0R6A,6CBDB8B,6CBDB8B,59
XQ499IH2LJ,WGLBFKF,WGLBFKF,53
VO808TKLJN,LKU3LSG,LKU3LSG,38
JS447S4240,ZKHJNT4,ZKHJNT4,45
KT5649IX0K,R50Q2AZ,R50Q2AZ,17
HW8669ZL26,LYXKNV0,LYXKNV0,89
OF8838RXU6,18H512X,18H512X,63
HB61332REX,JR3O2MU,JR3O2MU,12
ET741BRX0E,3MLVFB1,3MLVFB1,98
AQ3654OA5T,53WAMPV,53WAMPV,1
PX7605QFQO,HN6YM08,HN6YM08,76
WV659L4OI2,WEWF1JE,WEWF1JE,44
WC0434KYW0,04PLSH3,04PLSH3,39
OY783V5VB2,RQ8AATA,RQ8AATA,75
GY17140GPM,VXNR9GJ,VXNR9GJ,6
NO337M6DEL,SKCF7G6,SKCF7G6,53
PC136RG01I,N4Z6K00,N4Z6K00,84
LN62733J9V,X3JSB0A,X3JSB0A,72
NY68897M4S,RCKLD6P,RCKLD6P,46
OW0918ZKFP,1MGJ0QO,1MGJ0QO,65
BW916GA7P8,KR6RE2R,KR6RE2R,86
DG117M7VGH,A7NIAOU,A7NIAOU,39
XA4282IZJI,0W2GTLE,0W2GTLE,47
GM300MOOBK,EV42YPB,EV42YPB,44
TU742ZI5X9,HJPSUX8,HJPSUX8,21
QM499YIS2Z,YL3NGFP,YL3NGFP,43
HH003HH20Q,AXCZ7DO,AXCZ7DO,20
AY716PAQUF,WK6BIEB,WK6BIEB,59
HI3761FZQK,PIH9VWP,PIH9VWP,30
MS833OCH3X,0ZTQT3C,0ZTQT3C,92
JW707OFWLP,KL03FS5,KL03FS5,68
DQ958PRZ6A,U3R717R,U3R717R,84
JM823IX0MZ,UTLWVL5,UTLWVL5,57
TD103R0KAU,4Z6E21F,4Z6E21F,72
SW8825VFOO,4EZH6A2,4EZH6A2,27
DY819J4N02,BY62OLI,BY62OLI,67
GQ026Q0UJU,8US6LD7,8US6LD7,65
XO226L7SPT,V4C8VYE,V4C8VYE,93
ZR2952M3EF,HNGVYWY,HNGVYWY,22
MU91389WAA,N6HEVC1,N6HEVC1,60
JC602Y6DNV,TLDN0UJ,TLDN0UJ,51
PI973JI7N2,1Y27W4M,1Y27W4M,86
TY961I7KT0,B56S0J9,B56S0J9,49
ZR753IZGAQ,VHJ5CYF,VHJ5CYF,11
GT996UH6O3,ZICK3FX,ZICK3FX,20
HX211RTZ1N,ROOUFQ2,ROOUFQ2,70
LP825S8YPF,K0NH256,K0NH256,90
QF725RP85F,24DPL6H,24DPL6H,33
AJ872NTCY9,X8G46V9,X8G46V9,42
RT503J7TTC,B5ND809,B5ND809,20
YO113PZZXJ,B0193AB,B0193AB,44
SV498JNP9L,2VRVDZN,2VRVDZN,85
NE275JOINQ,A6TREZD,A6TREZD,38
JB326U2NS5,MQG43JS,MQG43JS,63
PC749PGY7S,8IEMIJ2,8IEMIJ2,84
OJ207EOKZ5,7SK4EY8,7SK4EY8,3
JY325QPYFD,7Z1KVX2,7Z1KVX2,11
XH130RVZIT,A61LFTG,A61LFTG,50
AW600MC65S,X2MVXIS,X2MVXIS,97
GK081GBX8X,N32WDUY,N32WDUY,86
RP113GJF9L,MQES8AK,MQES8AK,51
IC923OMVOF,5THMZZ9,5THMZZ9,64
SX08477TVF,2ZP2SRV,2ZP2SRV,46
RH693YESOC,XFOQTQ8,XFOQTQ8,57
TV44071PF5,KGMDQQC,KGMDQQC,56
OY859U6V04,Q4GT3TN,Q4GT3TN,41
MS563MNYLT,A333ENO,A333ENO,7
OI46282846,PWYLUST,PWYLUST,100
JV8609YKZJ,STFSGZK,STFSGZK,91
YM034X49VU,VGLUZU2,VGLUZU2,47
YQ1288BE1G,A2MLLUK,A2MLLUK,7
YG121ZNG2Z,QZDLKKC,QZDLKKC,47
WX798CPKRO,2DRM7RA,2DRM7RA,99
HA028O4CZS,UPNOGKC,UPNOGKC,4
NM698GEG30,TB77WFB,TB77WFB,41
KF060MRAID,42KK5ZM,42KK5ZM,32
KN184SI08Y,NQ7SVYU,NQ7SVYU,84
EZ449LMNPD,WLLDTE0,WLLDTE0,50
RD629M92VU,3N4MOOG,3N4MOOG,74
XK515KLFFZ,WJRCK01,WJRCK01,70
QH7551PKLO,9DPMC4A,9DPMC4A,68
VD187U4UFC,D3KHRLI,D3KHRLI,21
UT208LC35B,OT1YG46,OT1YG46,0
AO986EPFCW,X3QR966,X3QR966,97
NG42328OCK,TU2DBGD,TU2DBGD,97
FM324H2KZD,05F08SV,05F08SV,98
AB985HIVJ7,VQA11SA,VQA11SA,65
TY377P83A4,KQWOKA6,KQWOKA6,1
ZY874W22EB,A1WRCUM,A1WRCUM,68
UF677AXQP8,9Y9MDJE,9Y9MDJE,26
PC950LY98Z,ZMG8YGY,ZMG8YGY,18
KS523BWPJ0,PFKWZ2V,PFKWZ2V,8
WB414FVP5M,AK2HFP6,AK2HFP6,42
GC772RAG9H,3DU0CCQ,3DU0CCQ,51
QU420U41L6,CWMEHHR,CWMEHHR,40
MB886QYFWC,ZL9E7NJ,ZL9E7NJ,12
JR280485M3,RGW74QS,RGW74QS,42
VR2467FQDB,VSC0NSG,VSC0NSG,18
BI085HY1DV,9K0NGOV,9K0NGOV,24
KJ308J1OO9,OJMME67,OJMME67,59
NG329PNHZ5,SVK0P90,SVK0P90,83
JP611IU170,8H89BFU,8H89BFU,17
DA437GQMFC,9VPMQT8,9VPMQT8,23
MA419877Y2,AWT9382,AWT9382,70
KG59765S6Q,KOPRBKQ,KOPRBKQ,16
MP042WB494,233UKMR,233UKMR,33
HQ705DRQUY,U4JHZ6O,U4JHZ6O,29
CR0809Y2NF,7NZ7G72,7NZ7G72,72
QU9472WOSY,NV8C8I1,NV8C8I1,81
UF476UZDO0,XLQ9CBH,XLQ9CBH,1
QD462AGUIT,9WKI0YR,9WKI0YR,62
TQ2433W3EC,7XKPT0Q,7XKPT0Q,81
UB548STMYX,MYNGP44,MYNGP44,3
IZ243JMTEP,58DKU8X,58DKU8X,68
GR772Y3WGH,CZJ4XZ4,CZJ4XZ4,75
IF335HBVI0,NVVWIUF,NVVWIUF,77
TW1982TMFW,JACIKFP,JACIKFP,73
EG668F3COV,5N7IVF9,5N7IVF9,2
PU4612U9H5,0D8DXNZ,0D8DXNZ,42
AY2140OWR9,AXDZ7BM,AXDZ7BM,6
AF960LQSAG,B2DL31V,B2DL31V,39
ZN718T4V1R,3V36P89,3V36P89,79
DY510DDKB7,RZPHTP7,RZPHTP7,69
TQ72605H08,QIK28WM,QIK28WM,25
AI932I346A,FNUHRVH,FNUHRVH,41
KN622DF0IK,TOAVVNY,TOAVVNY,67
FW718NKY1I,I6ITS8G,I6ITS8G,77
NV43922CVX,QH2IJAF,QH2IJAF,16
ZX081OUL1D,SRFG9D6,SRFG9D6,40
BO708NE4V2,FNNJNJ0,FNNJNJ0,11
PK949DUF7H,40OPF3D,40OPF3D,57
DU789SIKUG,3YU8IWM,3YU8IWM,80
RZ7294V82O,AOJ0RDG,AOJ0RDG,35
JI926CT1V5,18EDAJL,18EDAJL,55
SZ601TKPS7,16BFA3R,16BFA3R,65
IG872Q28AX,9CV9EK0,9CV9EK0,32
CP435JSF2E,T22RXUH,T22RXUH,97
HL758TBFCE,1Z1M9NK,1Z1M9NK,78
ZJ19650B59,LWGNS5S,LWGNS5S,53
OA327MEA45,0BOHNAR,0BOHNAR,24
BL312E23QT,T6NDHFV,T6NDHFV,66
EL409VUE2D,K7FHPZR,K7FHPZR,48
RM254XOIIV,WTKQUVE,WTKQUVE,21
ZK1251L3EV,4TNOZA0,4TNOZA0,13
QC229A0NS9,ASDPGQH,ASDPGQH,70
ET732X616H,ATRH18O,ATRH18O,48
VY298F1ID9,8IBUM4V,8IBUM4V,37
EI430CXXDM,1ZKQJAY,1ZKQJAY,46
PR22974FI5,3PUVCDA,3PUVCDA,13
BG9429NSGV,L98P75C,L98P75C,92
BH136PFV7B,69GMZPH,69GMZPH,42
JT276FNCMJ,TQOWRSR,TQOWRSR,71
WG774BAQ8X,CF6M8F0,CF6M8F0,26
WT025HCJ4I,CNO2V6N,CNO2V6N,97
BD408EYZCK,7EUMK4V,7EUMK4V,99
LT5594UO5O,VI601GJ,VI601GJ,62
KS595TR8L5,UKGO1ZT,UKGO1ZT,14
BR236CG5QO,T4TTRS9,T4TTRS9,50
FI860CT1Z6,AGCJY1E,AGCJY1E,34
AV697EB66S,PCBABEE,PCBABEE,93
IK179DSAXB,21LL2V6,21LL2V6,63
TI009KD2D9,X5RZWQZ,X5RZWQZ,15
YP352BG60E,KY4GIB9,KY4GIB9,55
IB247QQ8QZ,HNWXEX3,HNWXEX3,19
QR832VZJK9,G5SMSQW,G5SMSQW,49
SK95395BND,98D3DFC,98D3DFC,62
GE827YDWJE,EY1EI88,EY1EI88,63
KW591ZR3RX,XO6QOS2,XO6QOS2,23
XD12990RP0,5AMIZ86,5AMIZ86,62
OO6098VKQN,XTP9P5C,XTP9P5C,40
MM131TM5B3,D1J3JZH,D1J3JZH,95
PT661R3LCR,UKRXP99,UKRXP99,25
TM248O471Y,NTPE8VM,NTPE8VM,29
SY053ZBBUE,61Y1BQD,61Y1BQD,72
BS922OKJSJ,Q70ERMC,Q70ERMC,49
WD379TZ0N5,TOU5510,TOU5510,34
JW096OXBVM,OLAMSW6,OLAMSW6,74
PN996BKJ6Y,OO79H1V,OO79H1V,30
LA865NO6A9,T0ZTFCT,T0ZTFCT,86
PJ497N59CJ,L1F92VS,L1F92VS,56
TA0120HXBE,MPK8J3J,MPK8J3J,56
ZS435MS8ZH,ZYUQ13B,ZYUQ13B,85
VT679ABIGU,9MD2FHN,9MD2FHN,86
HP030OR19E,R6ZUKZU,R6ZUKZU,95
CB734GIB20,RR5TSJB,RR5TSJB,40
VB356HLR7Z,EFUUDIL,EFUUDIL,61
VK290TVDHG,A9J6P9V,A9J6P9V,23
JG631XWB1H,S2O2NBJ,S2O2NBJ,22
FP860H00A1,I1VDLBP,I1VDLBP,38
QS821JJCE1,W8OLI8N,W8OLI8N,49
CM776AOGVX,PV6ZZBG,PV6ZZBG,27
DT9325EWSW,L8UEJLT,L8UEJLT,72
PS149UD1CN,SY50QRG,SY50QRG,70
AM175M9UJW,D6EF5R2,D6EF5R2,73
UF071WWB59,80WVN2H,80WVN2H,33
GM43750K6Q,2R5CEQ1,2R5CEQ1,85
NN262X3IYN,I6HASCE,I6HASCE,28
IG250XXS3N,CG4PWCR,CG4PWCR,15
AN414I07VL,F5EC6S9,F5EC6S9,85
GU837X4L9U,S5PYFHU,S5PYFHU,49
PP183FN15V,FC486ZT,FC486ZT,89
EL054KK8RU,P9B9V12,P9B9V12,29
TP014LJEEM,PUC5CD4,PUC5CD4,64
LP2976B5J7,NOTQET1,NOTQET1,58
YK194PJYY7,6R9WGUM,6R9WGUM,83
ER7815K69Z,LAJ58SI,LAJ58SI,9
JZ342SKBGY,V7Q13C5,V7Q13C5,19
OZ6089AG6N,2RJVOZM,2RJVOZM,90
FZ428WHN33,UT4YHY5,UT4YHY5,45
BK936P05HT,9SAJLEY,9SAJLEY,71
FY583D5Y8X,NVA5EB1,NVA5EB1,71
BI711M5TDR,XEQOG42,XEQOG42,40
NZ973LTO7B,GYVQV1M,GYVQV1M,76
VT549RQ7BI,16FD9H2,16FD9H2,9
PO816HGZOQ,VYE5OFB,VYE5OFB,15
CX030IXVZ1,9FA6N3X,9FA6N3X,78
AN075DKBZM,2VTE45M,2VTE45M,12
QP263QMUBI,9JHY25Q,9JHY25Q,17
LQ578XALJC,67XIA2X,67XIA2X,75
MN894CXM46,T9FQNYE,T9FQNYE,80
RB690W87DN,ZPSQ3T1,ZPSQ3T1,19
PS960YEOTB,9CJ2O4U,9CJ2O4U,32
JB808FRU9X,AKSOFLS,AKSOFLS,30
QZ5898QUR7,OS6REGC,OS6REGC,36
UR728PPYUZ,2PRGDZC,2PRGDZC,15
FX81681BN1,7H4UX0F,7H4UX0F,40
UH90619PQD,LQ9FU5D,LQ9FU5D,70
NF042KRVZL,D9TZZS7,D9TZZS7,22
CC4785WBI0,CKF5V92,CKF5V92,49
ID719JF9B0,YAP84E9,YAP84E9,2
PI202F89D6,PKUNH6O,PKUNH6O,49
DX238KUWW5,D1NB7IQ,D1NB7IQ,47
XT199304U4,BFKZNQE,BFKZNQE,78
SA797JRWXS,QNSV072,QNSV072,67
GX715POTF4,G1N31TF,G1N31TF,31
GL572T0HGJ,X44E1SS,X44E1SS,90
YD054S2GFV,4FMT1MG,4FMT1MG,24
OX270GCE71,SXI7GIH,SXI7GIH,1
GP9907EQ8U,UUO28Q2,UUO28Q2,50
XI879BG7YI,ZNPBMYT,ZNPBMYT,92
BW618106RR,1RVV0JG,1RVV0JG,90
QJ387KAHHB,J1FFH8E,J1FFH8E,11
EC4336NRPQ,PIUZ671,PIUZ671,35
FM401930BN,5OXX9EF,5OXX9EF,38
NF314KPQ12,650FOV3,650FOV3,38
US721M3LT8,U1G12XK,U1G12XK,11
CX275QY0QX,7NZWL8Z,7NZWL8Z,67
PL995L18LB,DTBGDCP,DTBGDCP,85
BT231IN877,MH9IQVW,MH9IQVW,64
HS5381HM22,706LOH2,706LOH2,91
TP13187GQE,TAW39WP,TAW39WP,4
QH132YC4BX,584O6PU,584O6PU,20
WI804WE5OM,VIO4D1K,VIO4D1K,82
QI523M9M2B,B590MHU,B590MHU,83
UO07513EPH,9QNC9XH,9QNC9XH,86
GW204HFDO6,CDW215F,CDW215F,71
IA219KR75X,PQYFCCX,PQYFCCX,30
VD584RM90I,ZF6DB9D,ZF6DB9D,64
OW702HB8PW,HP5GAFL,HP5GAFL,45
PP87254TXD,31JJY10,31JJY10,56
UF681XB4D0,KUVNKQY,KUVNKQY,28
WY385H4GSD,KE3EOEN,KE3EOEN,19
EI619X37DL,P6UL25I,P6UL25I,100
QO014JZQ24,ZEJ1BLM,ZEJ1BLM,86
AC091O0SOM,QI7ASQJ,QI7ASQJ,7
EN711GGO8D,IYPBGKJ,IYPBGKJ,19
AW905XWF1Y,RBVUSAY,RBVUSAY,29
BH539U2GQC,EOJMANM,EOJMANM,58
VN307Z2ZWB,QTXT0EQ,QTXT0EQ,92
BD654KWZ3Z,TI0YG0S,TI0YG0S,51
GX981FXMAE,ZNSC7CP,ZNSC7CP,41
LR574LC6FK,686CI6M,686CI6M,8
HJ448704FM,0MIDDS8,0MIDDS8,81
FM315DJOHR,9ST80IY,9ST80IY,25
MD273V75IO,IXE7OQS,IXE7OQS,47
ZC15446R53,63ZQXBU,63ZQXBU,38
YE031UCW5J,C6KZDTB,C6KZDTB,27
WJ669K1MDA,LTKXU9M,LTKXU9M,66
NA93360UHT,UUZRA9N,UUZRA9N,88
PG8916X5K9,VDX0SY6,VDX0SY6,53
JK3937Y0QB,BK87UQF,BK87UQF,23
ZD804YLNJE,PTQW50W,PTQW50W,2
OS510M8K56,J7KFFAN,J7KFFAN,12
WX873IVO7E,OL6LQ28,OL6LQ28,97
EL8900S73C,5EF7T4E,5EF7T4E,60
DO758WEJEM,L1J6OQH,L1J6OQH,78
BQ964S5UWR,NIXATV8,NIXATV8,78
EI463O033G,GISTO66,GISTO66,41
GA5824WNKK,7G3X5B7,7G3X5B7,77
RZ1151QRUF,R4P85VL,R4P85VL,42
CB387QZ8MT,CYTG0B3,CYTG0B3,25
DD70910565,2BAFKZ7,2BAFKZ7,52
QU508MKIZJ,1ZI8GXF,1ZI8GXF,2
TJ9003SJLU,O1FTM22,O1FTM22,20
AH064ATI66,9ZQGO1Q,9ZQGO1Q,56
QI205Y2XDK,NPSFG3U,NPSFG3U,70
OJ387RLUVO,EV4UYNY,EV4UYNY,88
IO303YJ329,W4HKMV1,W4HKMV1,42
YP648U9R0J,2JAL5QK,2JAL5QK,6
KP386FEVN5,OAF6X8A,OAF6X8A,53
KA594ASP0X,4YMXXSU,4YMXXSU,28
JH869Q8KTZ,Z44V2QW,Z44V2QW,61
IM353PKCWU,33PP1D3,33PP1D3,50
DL7762WU2J,K9039QY,K9039QY,57
BM9260GE9D,J5LLECQ,J5LLECQ,87
VU294KZQM3,7EV3GJ4,7EV3GJ4,65
AG398GWHY2,YN2LP8G,YN2LP8G,96
QD806P4B5D,YG8GZ4X,YG8GZ4X,47
TD129W2AQJ,R721OY0,R721OY0,63
SR542NQW77,91SW0E1,91SW0E1,40
JI321DSQ1B,U5DD9WQ,U5DD9WQ,57
CO631TAWCJ,QIZNGJS,QIZNGJS,39
EE77441WW9,8KSZC3H,8KSZC3H,79
KN433WXIZF,EQDF3MW,EQDF3MW,82
YI046LK3CB,GXHEHCD,GXHEHCD,0
FV097D7UPD,XMDWIKH,XMDWIKH,62
TA0060LOFN,S7RR3EX,S7RR3EX,61
CX033SBXV0,J01ZVTR,J01ZVTR,22
BL075Y0P1Q,W1PNBDL,W1PNBDL,23
BC4999MZFQ,KHAXZG3,KHAXZG3,75
XQ516BVGGF,RENE586,RENE586,18
KR962A32VM,YCB94KU,YCB94KU,29
JC744QB50M,I80RF6T,I80RF6T,90
CZ7160S0T6,WLI8EQ1,WLI8EQ1,26
ZV253TKUQL,840ITUS,840ITUS,6
YN3128951O,2O6PXOR,2O6PXOR,18
BF814IPBD4,IMOKK21,IMOKK21,9
IM673O8GCG,5IOYPXB,5IOYPXB,47
ZN125D2UFH,4EJVTIX,4EJVTIX,56
JK241RWBDA,V7MGIZE,V7MGIZE,9
QR668KTFSX,96LXURP,96LXURP,47
UF533H1980,BZ7BV64,BZ7BV64,13
BQ038S5H77,BFSFSXU,BFSFSXU,74
NK089DDXPQ,CH9PL9M,CH9PL9M,86
EC6958ACU4,8MX6ZGC,8MX6ZGC,66
AS2197KIK6,59G8LO3,59G8LO3,64
LP256KDIBM,MTAZN7V,MTAZN7V,93
GH32286JQ0,X367BX4,X367BX4,42
IW774P8K5D,78YU7ON,78YU7ON,98
AW908EA5R4,L6PD8NP,L6PD8NP,24
ZY590D0QAT,K7WDEJG,K7WDEJG,20
GS70973PH0,NZD0DE6,NZD0DE6,26
MM271Y5GXT,OH545OD,OH545OD,43
TE836EBEWV,Q74EXEH,Q74EXEH,96
VQ74404O6H,S9R1PLE,S9R1PLE,77
IG5957UMAK,UVA91J0,UVA91J0,97
OK073MUNTI,ARJ9BTW,ARJ9BTW,82
BZ642Q7U8D,SD7P1M8,SD7P1M8,72
OU715PS344,8SOZH2I,8SOZH2I,17
YT043F5FP8,GOUUSBE,GOUUSBE,37
VJ367QQDUB,Z9DE58X,Z9DE58X,51
RS940MPGEH,BGW3VPB,BGW3VPB,61
VE7974JFQV,ILA68CY,ILA68CY,3
UI371REXOK,LDZG0RP,LDZG0RP,10
KD550E6E2P,SY3GHGZ,SY3GHGZ,18
RB6076DGRI,R4XAQV3,R4XAQV3,62
FY432FTU36,D6R4VDS,D6R4VDS,63
OU502P7HYB,0SIPRLO,0SIPRLO,30
VJ555O59KF,35LY3B0,35LY3B0,60
FR2251OXWL,QPCPYKL,QPCPYKL,48
LK6651GSBM,KK55NVQ,KK55NVQ,39
SL203W180F,4D55RE5,4D55RE5,28
WY25590GMY,3D0ZGAP,3D0ZGAP,56
VK6496KC2R,J7DYQL0,J7DYQL0,9
EA802RX3B0,0F9BB41,0F9BB41,95
DV34869NW6,L8PVL8M,L8PVL8M,25
AH8865VPF4,R4RWMR1,R4RWMR1,80
IZ985U6ZC6,UGLIL78,UGLIL78,74
VT862DR25W,1QIJP7A,1QIJP7A,93
OX464U1JUZ,WTK0Q58,WTK0Q58,58
VN295CXVW4,NHOGRNR,NHOGRNR,18
OM508MNHJD,R7P9DOQ,R7P9DOQ,16
RU143JD52O,57AWNYN,57AWNYN,82
WS631YZ6EH,Z2MGFQT,Z2MGFQT,80
CH7354DXUO,H7O2NIU,H7O2NIU,2
GL80717YV6,HY6SY2I,HY6SY2I,11
HQ863X84JC,17M6M4W,17M6M4W,86
MM987BFU41,ULJQY9R,ULJQY9R,2
US3611SKVF,8CRLWO3,8CRLWO3,2
RY3409SHSK,KB8XT2N,KB8XT2N,39
IQ958ONN1T,RUSGL8V,RUSGL8V,69
CX619ZK6WV,UFP6AGO,UFP6AGO,11
NU042XWKL4,VNABJC0,VNABJC0,20
QQ1935SI9F,4ROE0MY,4ROE0MY,88
CL436MX5U0,XTRQIKT,XTRQIKT,56
VM58319TT3,IFUCNWN,IFUCNWN,85
XV427SSRVE,J1OKT8P,J1OKT8P,12
TB088XW8FC,00Q8DQF,00Q8DQF,86
EQ88324R8N,2JGRNZU,2JGRNZU,32
PS545JDCMD,8D51RID,8D51RID,81
CN1005NV93,TYRIUN5,TYRIUN5,28
UW902HE0K7,NEJOE9K,NEJOE9K,62
WH311KFIVS,571KNL9,571KNL9,92
WB889Q2B95,WO6UNOE,WO6UNOE,75
OO003COAA5,WCOJTKH,WCOJTKH,56
SA402T7VS4,J0IFANM,J0IFANM,36
WG3617Z24J,C9O5LIV,C9O5LIV,84
FB306EJNAD,NANU7KA,NANU7KA,54
UW002QL210,NTTPGVE,NTTPGVE,44
FS786DXL46,RN68KBE,RN68KBE,73
BM789PLFY5,CM91R8D,CM91R8D,73
KG009VE7G8,2TZIYHS,2TZIYHS,83
SY632FF403,6NFFOMF,6NFFOMF,9
XE227L5KDV,TKTM50Y,TKTM50Y,33
WX160LDL88,RVD3YIX,RVD3YIX,66
FV674N0IQT,FBI5B5G,FBI5B5G,37
IP361B5XBY,44RJJ2B,44RJJ2B,71
KO762443K9,DM9OYCM,DM9OYCM,33
UA45970NV1,QMUGEWG,QMUGEWG,21
SP209ZX4IE,RJQHJT4,RJQHJT4,32
MJ09587YEL,QHCXNKV,QHCXNKV,74
HR244AM1G3,WK5BUAR,WK5BUAR,15
SX546Y48I2,J6F8YIR,J6F8YIR,83
YP634F51GI,QIPE84I,QIPE84I,31
TW7393S8X1,HZ5NE8A,HZ5NE8A,25
DY254Q45HZ,DGWMXJ9,DGWMXJ9,22
VE623Q58GS,F930OAW,F930OAW,14
YN969Q4UDY,XY1WQ6N,XY1WQ6N,64
AM08620LRG,2T2SQ7A,2T2SQ7A,14
MQ220M8SNE,819SRC1,819SRC1,19
TD459DOY8B,MHU5RYB,MHU5RYB,59
HQ790E8FNG,BUQ5A9A,BUQ5A9A,97
NG602KWJ16,7TY7U5A,7TY7U5A,56
EK518EDRB7,147EFSQ,147EFSQ,41
QX9459HLAO,DS7KVSN,DS7KVSN,16
WI696XIT2P,CDKFOM5,CDKFOM5,56
HZ180HP5LU,UD4XYY4,UD4XYY4,31
FW972V3U2B,RXYJT63,RXYJT63,4
KF569KK1KH,DLZ1AA4,DLZ1AA4,61
VE81887FOJ,HC5QSB1,HC5QSB1,64
DG5425MKKH,OGD0WH6,OGD0WH6,31
VA5438M3AI,HBAL1KF,HBAL1KF,20
PS669FHLGZ,0QTJY8X,0QTJY8X,88
FO414C6HRS,0JJHOQ7,0JJHOQ7,14
EL142TRNPG,32E0KHW,32E0KHW,63
XJ235077N7,SA2HQYO,SA2HQYO,18
TY680DGHAB,0EL15PB,0EL15PB,16
NL071OMSF7,74IL1HQ,74IL1HQ,84
TC523SFD4A,W8GNNV1,W8GNNV1,17
YI656ESDO9,H0A1PTH,H0A1PTH,41
WJ2461W0YO,V75N129,V75N129,24
JB90651XQY,OEAKN59,OEAKN59,37
BL578LKNYR,ELNTHE2,ELNTHE2,40
UB629V1NLY,B85BZNL,B85BZNL,77
FE193JLWYM,CH4C93X,CH4C93X,17
PT54374P4Y,RK9BCNS,RK9BCNS,43
JG094N8EUU,AR6XS1Z,AR6XS1Z,39
HU542C17MS,L0LKTZJ,L0LKTZJ,74
AB73895I64,PRWI0MZ,PRWI0MZ,77
SJ960KRH68,I4YNLL6,I4YNLL6,8
FL7892A8WU,KPB6R8B,KPB6R8B,71
MQ5138P9JE,CLCFGKP,CLCFGKP,16
SK495QDEF7,YK7TBPH,YK7TBPH,34
MC848DVRAC,CFLT5TY,CFLT5TY,85
HG188X9WTP,L29QOFJ,L29QOFJ,61
GG527LJPFA,N9DXMNR,N9DXMNR,24
JU435PSSR4,NE6G9T0,NE6G9T0,86
JP625WO1D5,D8EWSZA,D8EWSZA,13
FY29114G54,UEB3SSD,UEB3SSD,53
GQ0182Q87S,Q0CEDY6,Q0CEDY6,75
SU3558QGPO,Z7GWQW1,Z7GWQW1,80
HZ757T2TCN,Y1CLWE0,Y1CLWE0,79
VN985RSJVF,Z55PJUQ,Z55PJUQ,29
ZK00778SBK,SRGJE56,SRGJE56,88
XA482JNDI3,GFPCHJF,GFPCHJF,97
NF493JJDO0,7HB4RBQ,7HB4RBQ,4
EL279VQTFK,6DG2V6H,6DG2V6H,35
TQ319TE6GU,L8GDH98,L8GDH98,59
EZ442HE9UM,XIDRCX9,XIDRCX9,91
AC381Q8REA,G2QR6CC,G2QR6CC,34
VQ1029TZCI,ZRI0EC1,ZRI0EC1,75
UR511G83QI,BO2JRD0,BO2JRD0,4
EB288Z7J2M,QM7V152,QM7V152,48
LK6957FO42,KM8HE1Q,KM8HE1Q,55
MX502D3POD,ZCJ8UNI,ZCJ8UNI,45
SU101CZK36,1MWVVP6,1MWVVP6,48
TV628684XG,8E4MPSP,8E4MPSP,65
JG840002IE,ZE4DBMU,ZE4DBMU,89
MP909OLJNF,W3TJETR,W3TJETR,28
EI287MG4S8,FWN8ME5,FWN8ME5,94
UC482CSJ8Q,OJYVM7T,OJYVM7T,86
XB413E4QSQ,V6R4MUO,V6R4MUO,43
DO250ZIK00,PBOFRZN,PBOFRZN,32
OK526CQMT6,A4OFLJK,A4OFLJK,55
MB819X33DM,4AXFS53,4AXFS53,26
TU504FBMM1,2ENW7I8,2ENW7I8,77
QO7961VBFX,6EFYO8X,6EFYO8X,52
HH940L28SB,9UA4EPL,9UA4EPL,35
TG928BOPDN,TUZR8CF,TUZR8CF,68
RB586P0NHF,XWWDBFY,XWWDBFY,23
TH650V6L2M,G1W0U02,G1W0U02,61
XS495YDGTJ,XRE8ABF,XRE8ABF,65
ZY616ZLPUD,GIUTHTF,GIUTHTF,4
KX35997H20,96XTRXB,96XTRXB,58
LK173VJABR,F4RMS52,F4RMS52,45
SO3456BMTK,8HQEG5V,8HQEG5V,90
PL749R3Q59,BM862FK,BM862FK,48
PI940KSQGV,PIP9QBB,PIP9QBB,6
XU314SQS2N,IPOUI8O,IPOUI8O,69
KV783HKVL1,U8CXZLG,U8CXZLG,38
MB265TG3TZ,P37D8O9,P37D8O9,97
BO215RSHQH,S9NK169,S9NK169,44
TK287OGN0N,TA8M2PQ,TA8M2PQ,70
RZ305HZ7MF,SEFGSAX,SEFGSAX,8
TM059S57PL,DHJ5C4C,DHJ5C4C,45
TA689TZ6KA,38CAAE6,38CAAE6,19
SC379WNJV9,KCZJNVY,KCZJNVY,72
KS7203O5FQ,W68CMC6,W68CMC6,2
VU116Y29OV,GENDW7D,GENDW7D,95
GM494SWYU3,X4YS2XG,X4YS2XG,64
VG587W9FOP,Y63ILXL,Y63ILXL,0
NR793GZO6I,NH9RFLC,NH9RFLC,92
JG008WQ387,WCCTPTL,WCCTPTL,79
VZ1996E0GD,27W7WDI,27W7WDI,35
YR182BAD8K,L1S9WSK,L1S9WSK,41
BT699AD1NH,TTKQW9S,TTKQW9S,20
UP2406ZMEN,IO8M2OS,IO8M2OS,19
MB0386PW2E,691MWQY,691MWQY,68
TU621AW14Z,DBNLDVJ,DBNLDVJ,94
YP544SGI4R,7AUJLOE,7AUJLOE,84
ZI6381NTI0,LNUAWS0,LNUAWS0,30
WR387R1549,K0VKVCM,K0VKVCM,41
KS316GB9Q5,EE5HWOD,EE5HWOD,90
IV9867FOFL,XK6B3PG,XK6B3PG,26
LK200YNARP,WEPPU3L,WEPPU3L,48
JV743J9UB8,9FKZK2E,9FKZK2E,14
OY6914IQRA,OCBNBJ1,OCBNBJ1,24
TM310NLOEC,SL57SVO,SL57SVO,98
YR1830VTVO,PL5Q0YW,PL5Q0YW,4
NW102L3EGS,0VQWLN9,0VQWLN9,65
US257RBOKE,U307NGZ,U307NGZ,65
JD9016ZR1X,ETNWNW7,ETNWNW7,51
KF121K2W62,95NSGU9,95NSGU9,54
ZF0692P634,GJGBCEC,GJGBCEC,40
ZH100VE34H,NR48XYR,NR48XYR,55
XN277QWSN1,Z1VNMTK,Z1VNMTK,47
OF2251O41F,BPVEU55,BPVEU55,4
TU224LK52D,F6P94DX,F6P94DX,59
YZ199PN36I,XCMPUYS,XCMPUYS,76
RZ421M43G2,492RFDB,492RFDB,96
JL802H2T91,3ASGN0H,3ASGN0H,52
HR610SUP3Q,H3DQ7T9,H3DQ7T9,66
YN738JO22I,0ZES9BJ,0ZES9BJ,40
LK903ZTK5X,90FZ0JR,90FZ0JR,28
DD74593AE5,BLQ8V8O,BLQ8V8O,42
TH493GHGWA,XFXYYR6,XFXYYR6,17
HO998E5XRR,SKNG9QP,SKNG9QP,17
CT934I4I4H,VB5VQBZ,VB5VQBZ,90
TK654VQ8L1,6IR7GGV,6IR7GGV,72
PJ535XF918,32MOUU1,32MOUU1,73
CS887UETEQ,YWCM6I3,YWCM6I3,25
RY9553B0ST,CRUDX5H,CRUDX5H,66
CK180R4K7D,JBPCGNN,JBPCGNN,81
QM574GWKS5,RL5YF70,RL5YF70,64
EL499VZB0F,9G9XC7V,9G9XC7V,40
YJ61319RXI,288N9DX,288N9DX,61
GV97437BN3,2W180FC,2W180FC,92
TJ176F7U78,0UVP949,0UVP949,11
XA07357FSI,24XDHTQ,24XDHTQ,53
ST669TDO8M,QHB4903,QHB4903,36
EC088ZIUQZ,BADL7RB,BADL7RB,97
XK239UAZSF,BA7RGVF,BA7RGVF,86
PD432TIJ6Q,S2JLMLP,S2JLMLP,49
MQ022HONQZ,FGDGJX4,FGDGJX4,61
OX35333YBU,ER0X2PI,ER0X2PI,77
GZ885027HG,5BDYALM,5BDYALM,15
QN708B9KAZ,6SDAKHU,6SDAKHU,26
IM8783MMZN,G246H6E,G246H6E,48
QD544F9CHQ,2X99KDN,2X99KDN,75
NG183QGTSY,W1SFQVD,W1SFQVD,66
EP308WXBJI,33DR4PI,33DR4PI,22
HM337L1SKX,T9BMRZS,T9BMRZS,58
WL637VGFFF,YTCHS7G,YTCHS7G,44
UE8098H9QR,SZU9U5C,SZU9U5C,36
JE576200D9,CAZSOY4,CAZSOY4,14
RJ985IPO98,GOHB8NG,GOHB8NG,67
EO0793VLNY,V6OA30N,V6OA30N,29
PK814M2DMK,48ND9VR,48ND9VR,61
UN58065IAM,DRL1BU4,DRL1BU4,73
RM342UD0AL,SYV7HVG,SYV7HVG,27
UC418171AS,ULZ7RGE,ULZ7RGE,5
US593PQ3KL,UHAVZ08,UHAVZ08,87
TI9400MHMP,DJWN8YU,DJWN8YU,50
AO738GMKKX,NDAWHZR,NDAWHZR,62
JT466UCBDH,SODYLI9,SODYLI9,55
HB941XJFU3,T7ZMEM7,T7ZMEM7,62
WB974C1WWD,HSRP2ZE,HSRP2ZE,95
VA6915U03C,TRQENEF,TRQENEF,92
ZJ824EQ6ZV,8OQDEUG,8OQDEUG,76
FK409YYNWZ,HQLMQTR,HQLMQTR,0
CB1157KTS5,4FRE6ZB,4FRE6ZB,77
EE159Y7P41,CG5RG04,CG5RG04,89
KP358YKFKE,T2PXLLE,T2PXLLE,58
NK5261Y8XG,PGRN66Z,PGRN66Z,32
JU683NUHDE,YEQ7BP9,YEQ7BP9,43
DA594AJTHH,7MWQKQL,7MWQKQL,18
BJ542U20MJ,D15ANEO,D15ANEO,31
JO3029MMBP,EOODVKO,EOODVKO,18
SL3107H1HU,D8DLDXR,D8DLDXR,33
OF021YHE8M,HLGTMOF,HLGTMOF,55
GI289H3HHS,GYHGIYE,GYHGIYE,8
FT968NY6Q5,ELVJQ9P,ELVJQ9P,75
CC3282PJ8C,TS957J0,TS957J0,55
MP7651RNGA,JIUWQMR,JIUWQMR,90
RM9813MX8A,SOOSTY3,SOOSTY3,54
XA622793LV,Z8ABS9C,Z8ABS9C,99
YD411C0QZJ,E6X10SH,E6X10SH,10
EA490FXMQW,DXYACM4,DXYACM4,7
TM565RE3Z3,4UQ52GO,4UQ52GO,8
YX465JV410,P6UT0D1,P6UT0D1,79
YK057JIW4L,HH18XM2,HH18XM2,92
NL614QXALC,IOTTTJ5,IOTTTJ5,29
TF9838QZ4M,ZIVFG3K,ZIVFG3K,92
DJ393AHH6O,RXF86XP,RXF86XP,45
SE854AAT2Q,G9EDV6K,G9EDV6K,26
IM494SI9SE,S9HVGXP,S9HVGXP,2
SU1235LCPV,8639YC3,8639YC3,98
QE8675LG7K,3CDP7UT,3CDP7UT,58
OM170ENMOP,06OUFGB,06OUFGB,36
QE6923CVUI,BHRICY1,BHRICY1,8
XO7325RBKY,LJCF433,LJCF433,19
YA054U4CTT,VGG1NMK,VGG1NMK,39
DI839P6YVR,5JWB2KW,5JWB2KW,30
WO3433NPHU,CUFTTU6,CUFTTU6,38
RD502F4FW4,4PWVA1H,4PWVA1H,32
UV7291XGEN,AMCQOXS,AMCQOXS,6
ZQ9821IYV1,GSLXCE1,GSLXCE1,49
GY352C4BO2,HU7B1C1,HU7B1C1,35
HI495FCT6Z,XI1QTKE,XI1QTKE,22
OJ371PAWQ1,LX3NBM2,LX3NBM2,41
CY459W7E51,GJVHRRT,GJVHRRT,82
SY776SIVPR,IQQPCY9,IQQPCY9,10
EL100G6XUG,M6FCY6S,M6FCY6S,77
RP221UCI7W,DT2538O,DT2538O,30
AF498I6P0W,OAF643V,OAF643V,76
KZ451KR8GT,82TUKEJ,82TUKEJ,94
BB730NKJY7,MVZQGPX,MVZQGPX,65
BO982G797K,K4XGO8R,K4XGO8R,98
PZ572EN4F7,G7L63RX,G7L63RX,38
ZF470T0OGG,DB0CM6Q,DB0CM6Q,97
PH106NHXIN,M45Q5UJ,M45Q5UJ,45
BY597ALN3B,5Y6BEWO,5Y6BEWO,32
JK1303D8NN,0F1CRDC,0F1CRDC,15
EJ321I38CH,0IB13PB,0IB13PB,45
TB356JGE4G,Z1OXWZ0,Z1OXWZ0,14
BN982DK9AM,N1W6GEY,N1W6GEY,42
UO6318TJM0,FCVD5I7,FCVD5I7,49
DT8241NCB2,PNNBP3L,PNNBP3L,38
YE062YRX3I,DNPSSQW,DNPSSQW,25
HI855HLAAA,0DCVJ10,0DCVJ10,25
LN0488KDPB,RQMXL01,RQMXL01,10
BR051SUCYA,0IW857T,0IW857T,93
BX639XZTTT,S8AGPHQ,S8AGPHQ,10
CN637JCP4H,3SQ2S40,3SQ2S40,57
LE05519F6X,BCMJKQ0,BCMJKQ0,3
PO895YGKTE,2603VQK,2603VQK,66
BA484G459D,ZEL4AIP,ZEL4AIP,77
PR5449X4IR,V0SMC40,V0SMC40,55
YE484MRVH0,AG8M7IU,AG8M7IU,79
CA694WYJ7U,6R1Z6F1,6R1Z6F1,65
OY742FR61T,M91XP35,M91XP35,81
LK321Y2AJW,ZHNTSBX,ZHNTSBX,81
LC6505LQKJ,FUW6KGW,FUW6KGW,90
SF9896BRXC,VMQ666V,VMQ666V,25
FW171NRXET,TL2RK5C,TL2RK5C,11
EA878JXFIP,I3U5NGM,I3U5NGM,81
IR404AJOZB,RW7B2I3,RW7B2I3,72
FL335ZJ1LQ,4GHMEXU,4GHMEXU,28
HF778JO8JF,NYFGQMH,NYFGQMH,87
DX0676WZ5T,VAIXAZF,VAIXAZF,13
GB4422VFTO,HPUU65R,HPUU65R,48
QR436JJNUR,LA81NE2,LA81NE2,85
QS965ZTV0G,X7GSVVL,X7GSVVL,3
CW790V1M15,EJMGDD8,EJMGDD8,61
ZQ694L5SWD,XOU33J3,XOU33J3,59
AR253E056D,28OB3LE,28OB3LE,8
ZK3118WXL8,JW3F2X8,JW3F2X8,76
AR1914JWA5,B7SQNED,B7SQNED,36
KR5020J1VW,90L5R7K,90L5R7K,57
YH022QCYFE,6ARGDTH,6ARGDTH,76
JT522U2P9N,LZSTS1I,LZSTS1I,36
ZX130LGISK,CS7D0YX,CS7D0YX,55
GT582WN3GL,Z4EASQE,Z4EASQE,96
HE320CYVPK,I7RCY0X,I7RCY0X,78
FM1009KIK8,YA7TLMX,YA7TLMX,45
RL607HDG1D,GRYHG8Q,GRYHG8Q,11
OU285FG9RE,GZSX1AO,GZSX1AO,32
AK501PAZYR,WSN208U,WSN208U,79
DH355L144W,OHGEDQS,OHGEDQS,24
GK987TU64C,4BDOHUC,4BDOHUC,38
PW332Y16WY,3QWLTWZ,3QWLTWZ,82
IN578ABJFM,YN9FOC1,YN9FOC1,63
PV051K45J9,QR4WZD9,QR4WZD9,15
RX929PLZ1N,PI17JUW,PI17JUW,27
LY064SNEQE,IT2LKVQ,IT2LKVQ,96
NZ156ZYWB3,MQZZRR4,MQZZRR4,51
FL4975R59Z,B2HG8XM,B2HG8XM,45
PF742TTTKI,U30PS5G,U30PS5G,73
XI162W93KB,IY9VR2E,IY9VR2E,12
TK716P00YP,1SR4KMA,1SR4KMA,38
PY508SDYB1,19ZTYTT,19ZTYTT,3
PI408JNEOG,QB7PUEY,QB7PUEY,64
FT9085QDQK,ROSEGG8,ROSEGG8,8
WF452QCWIJ,S8OWSOE,S8OWSOE,51
UH8702QMJ4,JRVSO8R,JRVSO8R,81
AG349C8ZJL,GN0CZE8,GN0CZE8,67
GC519WC7YZ,TRH2F9U,TRH2F9U,1
BN183RD6U8,QAVIAEZ,QAVIAEZ,22
PB386OMJV5,ZZ9L1PI,ZZ9L1PI,19
MZ417R2LS2,DMTX6BZ,DMTX6BZ,39
HQ181P78IW,2EGYICG,2EGYICG,32
KK1350FNQR,FHD38QR,FHD38QR,6
AE5397GHVZ,RQ3SSD8,RQ3SSD8,70
AG194ESJ0F,EZWIPGS,EZWIPGS,53
TS567IRLKQ,SI17ALA,SI17ALA,3
JO861OESOJ,H9ZP82E,H9ZP82E,8
YT988DL97J,83HR5QU,83HR5QU,10
DT0634CT4T,HAP9NK6,HAP9NK6,70
AS504BHEHD,FT79ZVS,FT79ZVS,81
LC830NEXZB,36K7PGA,36K7PGA,67
IU915TMHTY,JKEVRB3,JKEVRB3,80
WI4730TMHZ,LUBXI4Y,LUBXI4Y,90
KP630UPEMQ,NWC8JTO,NWC8JTO,59
PS196ZNHZX,SOVSMI1,SOVSMI1,8
KM3392U3KO,61TYF6J,61TYF6J,54
PM430S7NIY,QB8YOWJ,QB8YOWJ,40
DY9273OWG1,4UDHEE0,4UDHEE0,96
IO9061EENN,NEER1C3,NEER1C3,70
VD5741S61L,M98VB8S,M98VB8S,20
